ISO-10303-21;
HEADER;
FILE_DESCRIPTION(('FreeCAD Model'),'2;1');
FILE_NAME('Open CASCADE Shape Model','2026-06-26T17:58:54',(''),(''),
  'Open CASCADE STEP processor 7.8','FreeCAD','Unknown');
FILE_SCHEMA(('AUTOMOTIVE_DESIGN { 1 0 10303 214 1 1 1 1 }'));
ENDSEC;
DATA;
#1 = APPLICATION_PROTOCOL_DEFINITION('international standard',
  'automotive_design',2000,#2);
#2 = APPLICATION_CONTEXT(
  'core data for automotive mechanical design processes');
#3 = SHAPE_DEFINITION_REPRESENTATION(#4,#10);
#4 = PRODUCT_DEFINITION_SHAPE('','',#5);
#5 = PRODUCT_DEFINITION('design','',#6,#9);
#6 = PRODUCT_DEFINITION_FORMATION('','',#7);
#7 = PRODUCT('Body (Mirror #1)','Body (Mirror #1)','',(#8));
#8 = PRODUCT_CONTEXT('',#2,'mechanical');
#9 = PRODUCT_DEFINITION_CONTEXT('part definition',#2,'design');
#10 = ADVANCED_BREP_SHAPE_REPRESENTATION('',(#11,#15),#3750);
#11 = AXIS2_PLACEMENT_3D('',#12,#13,#14);
#12 = CARTESIAN_POINT('',(0.,0.,0.));
#13 = DIRECTION('',(0.,0.,1.));
#14 = DIRECTION('',(1.,0.,-0.));
#15 = MANIFOLD_SOLID_BREP('',#16);
#16 = CLOSED_SHELL('',(#17,#54,#106,#131,#591,#616,#639,#757,#788,#812,
    #836,#860,#884,#907,#930,#1042,#1078,#1433,#1656,#1690,#1834,#1850,
    #1875,#1900,#1925,#1950,#1975,#2000,#2025,#2052,#2069,#2086,#2132,
    #2149,#2175,#2192,#2216,#2228,#2253,#2278,#2303,#2375,#2388,#2755,
    #3002,#3369,#3426,#3438,#3450,#3470,#3490,#3510,#3530,#3550,#3576,
    #3601,#3626,#3651,#3676,#3701,#3726));
#17 = ADVANCED_FACE('',(#18,#38),#49,.F.);
#18 = FACE_BOUND('',#19,.T.);
#19 = EDGE_LOOP('',(#20,#31));
#20 = ORIENTED_EDGE('',*,*,#21,.F.);
#21 = EDGE_CURVE('',#22,#24,#26,.T.);
#22 = VERTEX_POINT('',#23);
#23 = CARTESIAN_POINT('',(54.099520025847,24.041153717737,
    -22.88281815513));
#24 = VERTEX_POINT('',#25);
#25 = CARTESIAN_POINT('',(51.099802147319,27.04126308468,-22.9150254777)
  );
#26 = CIRCLE('',#27,3.);
#27 = AXIS2_PLACEMENT_3D('',#28,#29,#30);
#28 = CARTESIAN_POINT('',(51.099980839472,24.041332263912,
    -22.93539797561));
#29 = DIRECTION('',(1.752660682543E-02,6.790833489229E-03,
    -0.999823335712));
#30 = DIRECTION('',(0.999846395458,-5.951539141349E-05,
    1.752660682543E-02));
#31 = ORIENTED_EDGE('',*,*,#32,.F.);
#32 = EDGE_CURVE('',#24,#22,#33,.T.);
#33 = CIRCLE('',#34,3.);
#34 = AXIS2_PLACEMENT_3D('',#35,#36,#37);
#35 = CARTESIAN_POINT('',(51.099980839472,24.041332263912,
    -22.93539797561));
#36 = DIRECTION('',(1.752660682543E-02,6.790833489229E-03,
    -0.999823335712));
#37 = DIRECTION('',(0.999846395458,-5.951539141349E-05,
    1.752660682543E-02));
#38 = FACE_BOUND('',#39,.T.);
#39 = EDGE_LOOP('',(#40));
#40 = ORIENTED_EDGE('',*,*,#41,.F.);
#41 = EDGE_CURVE('',#42,#42,#44,.T.);
#42 = VERTEX_POINT('',#43);
#43 = CARTESIAN_POINT('',(52.349788833795,24.041257869672,
    -22.91348971708));
#44 = CIRCLE('',#45,1.25);
#45 = AXIS2_PLACEMENT_3D('',#46,#47,#48);
#46 = CARTESIAN_POINT('',(51.099980839472,24.041332263912,
    -22.93539797561));
#47 = DIRECTION('',(-1.752660682543E-02,-6.790833489229E-03,
    0.999823335712));
#48 = DIRECTION('',(0.999846395458,-5.951539141349E-05,
    1.752660682543E-02));
#49 = PLANE('',#50);
#50 = AXIS2_PLACEMENT_3D('',#51,#52,#53);
#51 = CARTESIAN_POINT('',(63.098732738887,14.040848676681,-22.7929870286
    ));
#52 = DIRECTION('',(1.752660682543E-02,6.790833489229E-03,
    -0.999823335712));
#53 = DIRECTION('',(-0.999846395458,5.951539141349E-05,
    -1.752660682543E-02));
#54 = ADVANCED_FACE('',(#55),#101,.F.);
#55 = FACE_BOUND('',#56,.T.);
#56 = EDGE_LOOP('',(#57,#68,#73,#74,#75,#76,#85,#94));
#57 = ORIENTED_EDGE('',*,*,#58,.F.);
#58 = EDGE_CURVE('',#59,#61,#63,.T.);
#59 = VERTEX_POINT('',#60);
#60 = CARTESIAN_POINT('',(54.046940205371,24.02078121727,-19.883348148)
  );
#61 = VERTEX_POINT('',#62);
#62 = CARTESIAN_POINT('',(48.81155748091,26.021046724411,-19.96153698577
    ));
#63 = CIRCLE('',#64,3.);
#64 = AXIS2_PLACEMENT_3D('',#65,#66,#67);
#65 = CARTESIAN_POINT('',(51.047401018996,24.020959763444,
    -19.93592796847));
#66 = DIRECTION('',(1.752660682543E-02,6.790833489229E-03,
    -0.999823335712));
#67 = DIRECTION('',(0.999846395458,-5.951539141349E-05,
    1.752660682543E-02));
#68 = ORIENTED_EDGE('',*,*,#69,.F.);
#69 = EDGE_CURVE('',#22,#59,#70,.T.);
#70 = B_SPLINE_CURVE_WITH_KNOTS('',1,(#71,#72),.UNSPECIFIED.,.F.,.F.,(2,
    2),(-3.,0.),.PIECEWISE_BEZIER_KNOTS.);
#71 = CARTESIAN_POINT('',(54.099520025847,24.041153717737,
    -22.88281815513));
#72 = CARTESIAN_POINT('',(54.046940205371,24.02078121727,-19.883348148)
  );
#73 = ORIENTED_EDGE('',*,*,#21,.T.);
#74 = ORIENTED_EDGE('',*,*,#32,.T.);
#75 = ORIENTED_EDGE('',*,*,#69,.T.);
#76 = ORIENTED_EDGE('',*,*,#77,.F.);
#77 = EDGE_CURVE('',#78,#59,#80,.T.);
#78 = VERTEX_POINT('',#79);
#79 = CARTESIAN_POINT('',(53.283006495516,26.02078056349,-19.88315561722
    ));
#80 = CIRCLE('',#81,3.);
#81 = AXIS2_PLACEMENT_3D('',#82,#83,#84);
#82 = CARTESIAN_POINT('',(51.047401018996,24.020959763444,
    -19.93592796847));
#83 = DIRECTION('',(1.752660682543E-02,6.790833489229E-03,
    -0.999823335712));
#84 = DIRECTION('',(0.999846395458,-5.951539141349E-05,
    1.752660682543E-02));
#85 = ORIENTED_EDGE('',*,*,#86,.T.);
#86 = EDGE_CURVE('',#78,#87,#89,.T.);
#87 = VERTEX_POINT('',#88);
#88 = CARTESIAN_POINT('',(51.064749079647,27.027681417693,
    -20.91537880372));
#89 = ELLIPSE('',#90,4.242640687119,3.);
#90 = AXIS2_PLACEMENT_3D('',#91,#92,#93);
#91 = CARTESIAN_POINT('',(51.012347805345,24.007378096465,
    -17.93628129705));
#92 = DIRECTION('',(-1.243526627431E-02,0.702288631073,0.71178370508));
#93 = DIRECTION('',(-1.23510988006E-02,-0.711892319893,0.70218001626));
#94 = ORIENTED_EDGE('',*,*,#95,.T.);
#95 = EDGE_CURVE('',#87,#61,#96,.T.);
#96 = ELLIPSE('',#97,4.242640687119,3.);
#97 = AXIS2_PLACEMENT_3D('',#98,#99,#100);
#98 = CARTESIAN_POINT('',(51.012347805345,24.007378096465,
    -17.93628129705));
#99 = DIRECTION('',(-1.243526627431E-02,0.702288631073,0.71178370508));
#100 = DIRECTION('',(-1.23510988006E-02,-0.711892319893,0.70218001626));
#101 = CYLINDRICAL_SURFACE('',#102,3.);
#102 = AXIS2_PLACEMENT_3D('',#103,#104,#105);
#103 = CARTESIAN_POINT('',(51.047401018996,24.020959763444,
    -19.93592796847));
#104 = DIRECTION('',(-1.752660682543E-02,-6.790833489229E-03,
    0.999823335712));
#105 = DIRECTION('',(0.999846395458,-5.951539141349E-05,
    1.752660682543E-02));
#106 = ADVANCED_FACE('',(#107),#126,.F.);
#107 = FACE_BOUND('',#108,.T.);
#108 = EDGE_LOOP('',(#109,#117,#124,#125));
#109 = ORIENTED_EDGE('',*,*,#110,.F.);
#110 = EDGE_CURVE('',#111,#42,#113,.T.);
#111 = VERTEX_POINT('',#112);
#112 = CARTESIAN_POINT('',(52.36731544062,24.048048703162,
    -23.91331305279));
#113 = LINE('',#114,#115);
#114 = CARTESIAN_POINT('',(52.36731544062,24.048048703162,
    -23.91331305279));
#115 = VECTOR('',#116,1.);
#116 = DIRECTION('',(-1.752660682543E-02,-6.790833489229E-03,
    0.999823335712));
#117 = ORIENTED_EDGE('',*,*,#118,.F.);
#118 = EDGE_CURVE('',#111,#111,#119,.T.);
#119 = CIRCLE('',#120,1.25);
#120 = AXIS2_PLACEMENT_3D('',#121,#122,#123);
#121 = CARTESIAN_POINT('',(51.117507446297,24.048123097401,
    -23.93522131132));
#122 = DIRECTION('',(-1.752660682543E-02,-6.790833489229E-03,
    0.999823335712));
#123 = DIRECTION('',(0.999846395458,-5.951539141349E-05,
    1.752660682543E-02));
#124 = ORIENTED_EDGE('',*,*,#110,.T.);
#125 = ORIENTED_EDGE('',*,*,#41,.T.);
#126 = CYLINDRICAL_SURFACE('',#127,1.25);
#127 = AXIS2_PLACEMENT_3D('',#128,#129,#130);
#128 = CARTESIAN_POINT('',(51.117507446297,24.048123097401,
    -23.93522131132));
#129 = DIRECTION('',(1.752660682543E-02,6.790833489229E-03,
    -0.999823335712));
#130 = DIRECTION('',(0.999846395458,-5.951539141349E-05,
    1.752660682543E-02));
#131 = ADVANCED_FACE('',(#132,#509,#520,#531,#542,#553,#564,#575),#586,
  .T.);
#132 = FACE_BOUND('',#133,.F.);
#133 = EDGE_LOOP('',(#134,#144,#152,#160,#168,#205,#322,#392,#403,#446,
    #453,#459,#460,#461,#469,#478,#487,#495,#503));
#134 = ORIENTED_EDGE('',*,*,#135,.F.);
#135 = EDGE_CURVE('',#136,#138,#140,.T.);
#136 = VERTEX_POINT('',#137);
#137 = CARTESIAN_POINT('',(79.130837360187,-8.979950801489,
    -19.66777693734));
#138 = VERTEX_POINT('',#139);
#139 = CARTESIAN_POINT('',(80.544749525461,-7.565854017997,
    -19.63338688345));
#140 = LINE('',#141,#142);
#141 = CARTESIAN_POINT('',(78.838006562757,-9.272819834605,
    -19.67489935071));
#142 = VECTOR('',#143,1.);
#143 = DIRECTION('',(0.706956082637,0.707048391746,1.71950269476E-02));
#144 = ORIENTED_EDGE('',*,*,#145,.T.);
#145 = EDGE_CURVE('',#136,#146,#148,.T.);
#146 = VERTEX_POINT('',#147);
#147 = CARTESIAN_POINT('',(52.882416751919,-8.978388376467,
    -20.12789336111));
#148 = LINE('',#149,#150);
#149 = CARTESIAN_POINT('',(79.544987297476,-8.979975453572,
    -19.66051717909));
#150 = VECTOR('',#151,1.);
#151 = DIRECTION('',(-0.999846395458,5.951539141349E-05,
    -1.752660682543E-02));
#152 = ORIENTED_EDGE('',*,*,#153,.F.);
#153 = EDGE_CURVE('',#154,#146,#156,.T.);
#154 = VERTEX_POINT('',#155);
#155 = CARTESIAN_POINT('',(45.549882517239,-3.47807875887,
    -20.21907222697));
#156 = LINE('',#157,#158);
#157 = CARTESIAN_POINT('',(45.149926104438,-3.178061870638,
    -20.22404561965));
#158 = VECTOR('',#159,1.);
#159 = DIRECTION('',(0.799912825602,-0.600033776465,9.94678536681E-03));
#160 = ORIENTED_EDGE('',*,*,#161,.F.);
#161 = EDGE_CURVE('',#162,#154,#164,.T.);
#162 = VERTEX_POINT('',#163);
#163 = CARTESIAN_POINT('',(45.549808620658,-2.236469245413,
    -20.21064046907));
#164 = LINE('',#165,#166);
#165 = CARTESIAN_POINT('',(45.549808620658,-2.236469245413,
    -20.21064046907));
#166 = VECTOR('',#167,1.);
#167 = DIRECTION('',(5.951539141349E-05,-0.999976940253,
    -6.790833489229E-03));
#168 = ORIENTED_EDGE('',*,*,#169,.F.);
#169 = EDGE_CURVE('',#170,#162,#172,.T.);
#170 = VERTEX_POINT('',#171);
#171 = CARTESIAN_POINT('',(37.983846183257,4.738124543138,
    -20.29589787483));
#172 = B_SPLINE_CURVE_WITH_KNOTS('',11,(#173,#174,#175,#176,#177,#178,
    #179,#180,#181,#182,#183,#184,#185,#186,#187,#188,#189,#190,#191,
    #192,#193,#194,#195,#196,#197,#198,#199,#200,#201,#202,#203,#204),
  .UNSPECIFIED.,.F.,.F.,(12,10,10,12),(48.917560537887,49.947962243858,
    50.959143352482,53.000529866808),.UNSPECIFIED.);
#173 = CARTESIAN_POINT('',(37.983846183257,4.738124543138,
    -20.29589787483));
#174 = CARTESIAN_POINT('',(38.206421611689,4.752157924127,
    -20.29190087833));
#175 = CARTESIAN_POINT('',(38.456430178712,4.766662360629,
    -20.28741978761));
#176 = CARTESIAN_POINT('',(38.720073279858,4.772779751248,
    -20.28275665264));
#177 = CARTESIAN_POINT('',(38.981715845159,4.764411058585,
    -20.27822697644));
#178 = CARTESIAN_POINT('',(39.248885388929,4.743514271792,
    -20.27368550517));
#179 = CARTESIAN_POINT('',(39.502899844392,4.713176912765,
    -20.26943875939));
#180 = CARTESIAN_POINT('',(39.767895329287,4.671515902442,
    -20.26507643003));
#181 = CARTESIAN_POINT('',(40.025618502136,4.618668650476,
    -20.26091755948));
#182 = CARTESIAN_POINT('',(40.284287913817,4.554952377403,
    -20.25681592439));
#183 = CARTESIAN_POINT('',(40.540308046693,4.480139967087,
    -20.25283609571));
#184 = CARTESIAN_POINT('',(41.04228547663,4.310245377688,-20.24519050982
    ));
#185 = CARTESIAN_POINT('',(41.288279789275,4.215557911401,
    -20.24152142284));
#186 = CARTESIAN_POINT('',(41.531035068414,4.110407254047,
    -20.23798018151));
#187 = CARTESIAN_POINT('',(41.769949414813,3.99491818073,-20.23457648945
    ));
#188 = CARTESIAN_POINT('',(42.004430426965,3.869262123684,
    -20.23131956692));
#189 = CARTESIAN_POINT('',(42.233899020375,3.733655776054,
    -20.22821809331));
#190 = CARTESIAN_POINT('',(42.457793245361,3.588359695525,
    -20.22528014972));
#191 = CARTESIAN_POINT('',(42.675572106633,3.433676908128,
    -20.22251316147));
#192 = CARTESIAN_POINT('',(42.886719381105,3.269951511876,
    -20.21992384067));
#193 = CARTESIAN_POINT('',(43.090747437155,3.097567280537,
    -20.21751812876));
#194 = CARTESIAN_POINT('',(43.683804350308,2.552306048608,
    -20.21082544929));
#195 = CARTESIAN_POINT('',(44.04952827821,2.154099465776,-20.20711904961
    ));
#196 = CARTESIAN_POINT('',(44.380652066427,1.725768939601,
    -20.20422378295));
#197 = CARTESIAN_POINT('',(44.673973779153,1.271321579914,
    -20.20216856189));
#198 = CARTESIAN_POINT('',(44.926929249654,0.795237930063,
    -20.20096790349));
#199 = CARTESIAN_POINT('',(45.13768092828,0.302362508261,-20.20062111534
    ));
#200 = CARTESIAN_POINT('',(45.305176648169,-0.202223854171,
    -20.20111213242));
#201 = CARTESIAN_POINT('',(45.429178302829,-0.713349877684,
    -20.20241000518));
#202 = CARTESIAN_POINT('',(45.510260442,-1.225917902491,-20.20447003845)
  );
#203 = CARTESIAN_POINT('',(45.549778779957,-1.735086159676,
    -20.2072355815));
#204 = CARTESIAN_POINT('',(45.549808620658,-2.236469245413,
    -20.21064046907));
#205 = ORIENTED_EDGE('',*,*,#206,.F.);
#206 = EDGE_CURVE('',#207,#170,#209,.T.);
#207 = VERTEX_POINT('',#208);
#208 = CARTESIAN_POINT('',(2.551433975354,11.45438363598,-20.87140050607
    ));
#209 = B_SPLINE_CURVE_WITH_KNOTS('',12,(#210,#211,#212,#213,#214,#215,
    #216,#217,#218,#219,#220,#221,#222,#223,#224,#225,#226,#227,#228,
    #229,#230,#231,#232,#233,#234,#235,#236,#237,#238,#239,#240,#241,
    #242,#243,#244,#245,#246,#247,#248,#249,#250,#251,#252,#253,#254,
    #255,#256,#257,#258,#259,#260,#261,#262,#263,#264,#265,#266,#267,
    #268,#269,#270,#271,#272,#273,#274,#275,#276,#277,#278,#279,#280,
    #281,#282,#283,#284,#285,#286,#287,#288,#289,#290,#291,#292,#293,
    #294,#295,#296,#297,#298,#299,#300,#301,#302,#303,#304,#305,#306,
    #307,#308,#309,#310,#311,#312,#313,#314,#315,#316,#317,#318,#319,
    #320,#321),.UNSPECIFIED.,.F.,.F.,(13,11,11,11,11,11,11,11,11,11,13),
  (-6.496673575041,-5.402668824171,-4.052001618128,-2.701334412085,0.,
    4.405802915861,14.055037925148,23.704272934435,33.353507943723,
    43.00274295301,48.917560537887),.UNSPECIFIED.);
#210 = CARTESIAN_POINT('',(2.419853794725,20.223817586377,
    -20.81414477937));
#211 = CARTESIAN_POINT('',(2.41965805781,20.061853511685,-20.81524827598
    ));
#212 = CARTESIAN_POINT('',(2.419462433912,19.899982953984,
    -20.81635113544));
#213 = CARTESIAN_POINT('',(2.419266923031,19.738205913275,
    -20.81745335776));
#214 = CARTESIAN_POINT('',(2.419071525168,19.576522389559,
    -20.81855494292));
#215 = CARTESIAN_POINT('',(2.418876240322,19.414932382834,
    -20.81965589092));
#216 = CARTESIAN_POINT('',(2.418681068493,19.253435893101,
    -20.82075620178));
#217 = CARTESIAN_POINT('',(2.418486009681,19.09203292036,-20.82185587549
    ));
#218 = CARTESIAN_POINT('',(2.418291063886,18.930723464611,
    -20.82295491204));
#219 = CARTESIAN_POINT('',(2.418096231109,18.769507525853,
    -20.82405331144));
#220 = CARTESIAN_POINT('',(2.417901511349,18.608385104088,
    -20.82515107369));
#221 = CARTESIAN_POINT('',(2.417706904606,18.447356199315,
    -20.82624819879));
#222 = CARTESIAN_POINT('',(2.417272287337,18.087728666554,
    -20.82869841971));
#223 = CARTESIAN_POINT('',(2.416875230802,17.894169458926,-20.8300200406
    ));
#224 = CARTESIAN_POINT('',(2.416350250391,17.705486102131,
    -20.83131078701));
#225 = CARTESIAN_POINT('',(2.415725598219,17.521429573948,
    -20.83257185507));
#226 = CARTESIAN_POINT('',(2.415028757996,17.34175880897,-20.8338044003)
  );
#227 = CARTESIAN_POINT('',(2.414286431276,17.166240578241,
    -20.83500953876));
#228 = CARTESIAN_POINT('',(2.413524522621,16.994649360999,
    -20.83618834807));
#229 = CARTESIAN_POINT('',(2.412768123643,16.826767212674,
    -20.83734186868));
#230 = CARTESIAN_POINT('',(2.412041498559,16.662383638444,
    -20.83847110493));
#231 = CARTESIAN_POINT('',(2.41136807196,16.501295480557,-20.83957702604
    ));
#232 = CARTESIAN_POINT('',(2.410770421092,16.34330682824,-20.84066056689
    ));
#233 = CARTESIAN_POINT('',(2.409770124449,16.033151082892,
    -20.84278468997));
#234 = CARTESIAN_POINT('',(2.409367465714,15.880983886556,
    -20.84382527314));
#235 = CARTESIAN_POINT('',(2.409084049123,15.731538839815,-20.8448452771
    ));
#236 = CARTESIAN_POINT('',(2.408940750256,15.584634404076,
    -20.84584556892));
#237 = CARTESIAN_POINT('',(2.408957581067,15.440096079372,
    -20.84682698301));
#238 = CARTESIAN_POINT('',(2.409153703329,15.297756455208,
    -20.84779032053));
#239 = CARTESIAN_POINT('',(2.409547441938,15.157455260863,-20.8487363488
    ));
#240 = CARTESIAN_POINT('',(2.410156298405,15.019039416337,
    -20.84966580077));
#241 = CARTESIAN_POINT('',(2.410996964135,14.882363082674,
    -20.85057937437));
#242 = CARTESIAN_POINT('',(2.412085333905,14.747287712779,
    -20.85147773199));
#243 = CARTESIAN_POINT('',(2.413436519191,14.613682101915,
    -20.85236149989));
#244 = CARTESIAN_POINT('',(2.418321546383,14.216903111275,
    -20.85497080297));
#245 = CARTESIAN_POINT('',(2.422686947183,13.95776786053,-20.85665433406
    ));
#246 = CARTESIAN_POINT('',(2.428275829062,13.703028091065,
    -20.85828656364));
#247 = CARTESIAN_POINT('',(2.435190987821,13.451815201032,-20.8598715893
    ));
#248 = CARTESIAN_POINT('',(2.443523848762,13.203386654201,-20.8614128517
    ));
#249 = CARTESIAN_POINT('',(2.453354807792,12.957131198895,
    -20.86291309318));
#250 = CARTESIAN_POINT('',(2.46475331498,12.712573233763,-20.86437432659
    ));
#251 = CARTESIAN_POINT('',(2.477777700419,12.469376319971,
    -20.86579781453));
#252 = CARTESIAN_POINT('',(2.492474742531,12.227345840259,
    -20.86718405884));
#253 = CARTESIAN_POINT('',(2.508878978717,11.986430804514,
    -20.86853280041));
#254 = CARTESIAN_POINT('',(2.527011758402,11.746724802034,
    -20.86984302933));
#255 = CARTESIAN_POINT('',(2.579284662575,11.119872641856,
    -20.87318430162));
#256 = CARTESIAN_POINT('',(2.616317582279,10.735125108978,-20.8751483436
    ));
#257 = CARTESIAN_POINT('',(2.657987695682,10.355285195645,
    -20.87699776424));
#258 = CARTESIAN_POINT('',(2.704314529588,9.981415834646,-20.87872500175
    ));
#259 = CARTESIAN_POINT('',(2.755318392163,9.61458802343,-20.8803224259)
  );
#260 = CARTESIAN_POINT('',(2.811010525108,9.25588764809,-20.88178246424)
  );
#261 = CARTESIAN_POINT('',(2.871383256577,8.906422309907,-20.8830977284)
  );
#262 = CARTESIAN_POINT('',(2.936400153167,8.567328148726,-20.88426114033
    ));
#263 = CARTESIAN_POINT('',(3.00598617287,8.239776669588,-20.88526605861)
  );
#264 = CARTESIAN_POINT('',(3.080017817188,7.924981566559,-20.88610640468
    ));
#265 = CARTESIAN_POINT('',(3.158313283861,7.624205548584,-20.8867767891)
  );
#266 = CARTESIAN_POINT('',(3.420889902056,6.71362298384,-20.88835860598)
  );
#267 = CARTESIAN_POINT('',(3.622131389096,6.15594771777,-20.88861865137)
  );
#268 = CARTESIAN_POINT('',(3.842073063282,5.661324124917,-20.88812263896
    ));
#269 = CARTESIAN_POINT('',(4.078762064778,5.225571147291,-20.88693319967
    ));
#270 = CARTESIAN_POINT('',(4.329869322278,4.843301567299,-20.8851277516)
  );
#271 = CARTESIAN_POINT('',(4.593677177447,4.507826695546,-20.8827818346)
  );
#272 = CARTESIAN_POINT('',(4.870135637118,4.211873932617,-20.87994572077
    ));
#273 = CARTESIAN_POINT('',(5.161062267047,3.948625421957,-20.87663385583
    ));
#274 = CARTESIAN_POINT('',(5.469252117807,3.712628376315,-20.87283427888
    ));
#275 = CARTESIAN_POINT('',(5.796955452837,3.50017003485,-20.86853276066)
  );
#276 = CARTESIAN_POINT('',(6.144872425588,3.308752573639,-20.86373399301
    ));
#277 = CARTESIAN_POINT('',(6.882138037684,2.961938757192,-20.85316551631
    ));
#278 = CARTESIAN_POINT('',(7.270075859468,2.807254238645,-20.84741570365
    ));
#279 = CARTESIAN_POINT('',(7.674177618927,2.670848044463,-20.84125839497
    ));
#280 = CARTESIAN_POINT('',(8.090996899156,2.552012097624,-20.83475881422
    ));
#281 = CARTESIAN_POINT('',(8.516904158643,2.449810083737,-20.82798694565
    ));
#282 = CARTESIAN_POINT('',(8.948187597226,2.363112079436,-20.8210155305)
  );
#283 = CARTESIAN_POINT('',(9.381132672468,2.290628034084,-20.81391844567
    ));
#284 = CARTESIAN_POINT('',(9.812080268266,2.230940105869,-20.80676946441
    ));
#285 = CARTESIAN_POINT('',(10.237463513593,2.182533850993,
    -20.79964139906));
#286 = CARTESIAN_POINT('',(10.653823253406,2.143828267249,
    -20.79260562581));
#287 = CARTESIAN_POINT('',(11.05780217007,2.113204690916,-20.78573199145
    ));
#288 = CARTESIAN_POINT('',(11.834432942766,2.064864404483,
    -20.77244621296));
#289 = CARTESIAN_POINT('',(12.203111200778,2.047385712118,-20.7661021082
    ));
#290 = CARTESIAN_POINT('',(12.557222707231,2.036200180113,
    -20.75997061092));
#291 = CARTESIAN_POINT('',(12.902119641808,2.030880793466,
    -20.75396079931));
#292 = CARTESIAN_POINT('',(13.2433238231,2.031050943829,-20.74797843544)
  );
#293 = CARTESIAN_POINT('',(13.586389037221,2.03640718546,-20.74192822412
    ));
#294 = CARTESIAN_POINT('',(13.936763603863,2.046703174815,
    -20.73571633108));
#295 = CARTESIAN_POINT('',(14.299678919516,2.061712352282,
    -20.72925259029));
#296 = CARTESIAN_POINT('',(14.680089724495,2.081186925025,
    -20.72245182965));
#297 = CARTESIAN_POINT('',(15.082691832505,2.104830709381,
    -20.71523374461));
#298 = CARTESIAN_POINT('',(15.512043069099,2.13230339175,-20.70752074928
    ));
#299 = CARTESIAN_POINT('',(16.433583249336,2.194244141301,
    -20.69094571933));
#300 = CARTESIAN_POINT('',(16.921922651449,2.228455448976,
    -20.68215290996));
#301 = CARTESIAN_POINT('',(17.448670927924,2.268074184435,
    -20.67265007698));
#302 = CARTESIAN_POINT('',(18.024741068495,2.315278439506,
    -20.66223112523));
#303 = CARTESIAN_POINT('',(18.660894544375,2.372253214246,
    -20.65069256872));
#304 = CARTESIAN_POINT('',(19.367658093344,2.441185147903,
    -20.63783502512));
#305 = CARTESIAN_POINT('',(20.155340429806,2.524257491573,
    -20.62346295702));
#306 = CARTESIAN_POINT('',(21.0341070836,2.623646145344,-20.60738338691)
  );
#307 = CARTESIAN_POINT('',(22.014071558664,2.74151758169,-20.58940431329
    ));
#308 = CARTESIAN_POINT('',(23.105361016559,2.880029478025,
    -20.56933355502));
#309 = CARTESIAN_POINT('',(24.318114676925,3.04133488025,-20.54697875102
    ));
#310 = CARTESIAN_POINT('',(26.486380799037,3.341762394217,
    -20.50692917465));
#311 = CARTESIAN_POINT('',(27.361568307429,3.465548950709,
    -20.49074663452));
#312 = CARTESIAN_POINT('',(28.28331604305,3.596718136609,-20.47369776434
    ));
#313 = CARTESIAN_POINT('',(29.246898304496,3.732949376882,
    -20.45588116567));
#314 = CARTESIAN_POINT('',(30.247643691794,3.872320332047,
    -20.43739178337));
#315 = CARTESIAN_POINT('',(31.281009892996,4.013338714183,
    -20.41831937849));
#316 = CARTESIAN_POINT('',(32.342702300065,4.154664436992,
    -20.39874833615));
#317 = CARTESIAN_POINT('',(33.428913146574,4.294587647901,
    -20.37875701873));
#318 = CARTESIAN_POINT('',(34.536705154787,4.430248666302,-20.3584163389
    ));
#319 = CARTESIAN_POINT('',(35.664510942483,4.556506323717,
    -20.33778869139));
#320 = CARTESIAN_POINT('',(36.812666733325,4.664281677627,
    -20.31692984677));
#321 = CARTESIAN_POINT('',(37.983846183257,4.738124543138,
    -20.29589787483));
#322 = ORIENTED_EDGE('',*,*,#323,.T.);
#323 = EDGE_CURVE('',#207,#324,#326,.T.);
#324 = VERTEX_POINT('',#325);
#325 = CARTESIAN_POINT('',(39.388353800063,24.082634171921,
    -20.13988871698));
#326 = B_SPLINE_CURVE_WITH_KNOTS('',10,(#327,#328,#329,#330,#331,#332,
    #333,#334,#335,#336,#337,#338,#339,#340,#341,#342,#343,#344,#345,
    #346,#347,#348,#349,#350,#351,#352,#353,#354,#355,#356,#357,#358,
    #359,#360,#361,#362,#363,#364,#365,#366,#367,#368,#369,#370,#371,
    #372,#373,#374,#375,#376,#377,#378,#379,#380,#381,#382,#383,#384,
    #385,#386,#387,#388,#389,#390,#391),.UNSPECIFIED.,.F.,.F.,(11,9,9,9,
    9,9,9,11),(-3.543122829621,-2.708618845629,6.35483059267,
    15.064402184123,23.773973775575,32.483545367027,41.193116958479,
    49.227826982685),.UNSPECIFIED.);
#327 = CARTESIAN_POINT('',(2.81227788174,3.941135326876,-20.91785822313)
  );
#328 = CARTESIAN_POINT('',(2.799385614728,4.138718922388,-20.91674222637
    ));
#329 = CARTESIAN_POINT('',(2.78652693564,4.335787757955,-20.91562913709)
  );
#330 = CARTESIAN_POINT('',(2.773701844475,4.532341833576,-20.91451895529
    ));
#331 = CARTESIAN_POINT('',(2.760910341233,4.728381149253,-20.91341168097
    ));
#332 = CARTESIAN_POINT('',(2.748152425915,4.923905704984,-20.91230731414
    ));
#333 = CARTESIAN_POINT('',(2.73542809852,5.118915500769,-20.91120585478)
  );
#334 = CARTESIAN_POINT('',(2.722737359048,5.31341053661,-20.9101073029)
  );
#335 = CARTESIAN_POINT('',(2.7100802075,5.507390812505,-20.90901165851)
  );
#336 = CARTESIAN_POINT('',(2.697456643875,5.700856328455,-20.90791892159
    ));
#337 = CARTESIAN_POINT('',(2.54812842559,7.989422509522,-20.89499258307)
  );
#338 = CARTESIAN_POINT('',(2.483448508233,9.885838995559,-20.88324587875
    ));
#339 = CARTESIAN_POINT('',(2.485953422237,11.596949208851,
    -20.87158005063));
#340 = CARTESIAN_POINT('',(2.552099348218,13.132658134939,
    -20.85998994583));
#341 = CARTESIAN_POINT('',(2.672194265058,14.518523310519,
    -20.84847187496));
#342 = CARTESIAN_POINT('',(2.842413486563,15.760039750013,
    -20.83705556132));
#343 = CARTESIAN_POINT('',(3.05516293322,16.880752518706,-20.82571420801
    ));
#344 = CARTESIAN_POINT('',(3.304458629052,17.894666152439,
    -20.81445759306));
#345 = CARTESIAN_POINT('',(3.585427288435,18.821515457635,
    -20.80323710428));
#346 = CARTESIAN_POINT('',(4.190309027761,20.503839528558,
    -20.78120730534));
#347 = CARTESIAN_POINT('',(4.51005495323,21.258934275217,-20.77047362527
    ));
#348 = CARTESIAN_POINT('',(4.850941780576,21.947488741633,
    -20.75982129526));
#349 = CARTESIAN_POINT('',(5.210633275412,22.572442819124,
    -20.74927130096));
#350 = CARTESIAN_POINT('',(5.586866807803,23.137002077034,
    -20.73884153328));
#351 = CARTESIAN_POINT('',(5.977619703963,23.644659704763,
    -20.72854372323));
#352 = CARTESIAN_POINT('',(6.381218151754,24.099135941555,
    -20.71838194425));
#353 = CARTESIAN_POINT('',(6.796388659956,24.504234993711,
    -20.70835268196));
#354 = CARTESIAN_POINT('',(7.222252071309,24.863619439417,
    -20.69844647139));
#355 = CARTESIAN_POINT('',(8.094268187402,25.497384802884,
    -20.67885573174));
#356 = CARTESIAN_POINT('',(8.539746602993,25.771264717326,
    -20.66918642558));
#357 = CARTESIAN_POINT('',(8.998142661999,26.008008167843,
    -20.65954290907));
#358 = CARTESIAN_POINT('',(9.474135465886,26.212913722855,
    -20.64980717088));
#359 = CARTESIAN_POINT('',(9.972193218666,26.390093814925,
    -20.63987295295));
#360 = CARTESIAN_POINT('',(10.495885561783,26.542687552533,
    -20.62965635958));
#361 = CARTESIAN_POINT('',(11.047754478065,26.673491690412,
    -20.61909383492));
#362 = CARTESIAN_POINT('',(11.629547284256,26.785596699731,
    -20.60813375845));
#363 = CARTESIAN_POINT('',(12.242615233393,26.882614884336,
    -20.59672790821));
#364 = CARTESIAN_POINT('',(13.533947260098,27.053560085482,
    -20.57293017489));
#365 = CARTESIAN_POINT('',(14.206123698313,27.126703829223,
    -20.56065032634));
#366 = CARTESIAN_POINT('',(14.901310751872,27.185869430735,
    -20.54806204854));
#367 = CARTESIAN_POINT('',(15.616044468149,27.229435844204,
    -20.53523707373));
#368 = CARTESIAN_POINT('',(16.346888849391,27.255812164936,
    -20.52224643943));
#369 = CARTESIAN_POINT('',(17.090427950791,27.263439531334,
    -20.50916061396));
#370 = CARTESIAN_POINT('',(17.843257978445,27.250793026294,
    -20.49604962213));
#371 = CARTESIAN_POINT('',(18.601979387417,27.216383579206,
    -20.48298317075));
#372 = CARTESIAN_POINT('',(19.363188979736,27.158759867461,
    -20.47003077432));
#373 = CARTESIAN_POINT('',(20.883755025095,26.994260569075,
    -20.44449298682));
#374 = CARTESIAN_POINT('',(21.649174292432,26.886750789303,
    -20.43180562388));
#375 = CARTESIAN_POINT('',(22.428060807868,26.756686192106,
    -20.41903537714));
#376 = CARTESIAN_POINT('',(23.228165656047,26.606890938968,
    -20.40602719058));
#377 = CARTESIAN_POINT('',(24.056816968332,26.440378818341,
    -20.39263213449));
#378 = CARTESIAN_POINT('',(24.921058872483,26.260379631095,
    -20.37870479048));
#379 = CARTESIAN_POINT('',(25.827772424773,26.070321180582,
    -20.36410125391));
#380 = CARTESIAN_POINT('',(26.7837785266,25.873766869966,-20.34867775366
    ));
#381 = CARTESIAN_POINT('',(27.795922823616,25.674308904234,
    -20.3322898892));
#382 = CARTESIAN_POINT('',(29.863048899742,25.291936434544,
    -20.29865086816));
#383 = CARTESIAN_POINT('',(30.906369304682,25.109381757134,
    -20.28160168807));
#384 = CARTESIAN_POINT('',(31.987393992698,24.930987028962,
    -20.26386330855));
#385 = CARTESIAN_POINT('',(33.092451879217,24.760062898935,
    -20.24565289363));
#386 = CARTESIAN_POINT('',(34.207831442021,24.599938696661,
    -20.22718818931));
#387 = CARTESIAN_POINT('',(35.319787911245,24.453934388141,
    -20.20868758802));
#388 = CARTESIAN_POINT('',(36.414636811817,24.325362491946,
    -20.19036847581));
#389 = CARTESIAN_POINT('',(37.478933860232,24.2175599572,-20.17244386232
    ));
#390 = CARTESIAN_POINT('',(38.499741213909,24.133950002112,
    -20.15511729349));
#391 = CARTESIAN_POINT('',(39.464980074445,24.078133914032,-20.138576047
    ));
#392 = ORIENTED_EDGE('',*,*,#393,.T.);
#393 = EDGE_CURVE('',#324,#394,#396,.T.);
#394 = VERTEX_POINT('',#395);
#395 = CARTESIAN_POINT('',(39.412346641214,24.077663333252,
    -20.13950189169));
#396 = B_SPLINE_CURVE_WITH_KNOTS('',5,(#397,#398,#399,#400,#401,#402),
  .UNSPECIFIED.,.F.,.F.,(6,6),(5.582987993846E-05,0.100564750067),
  .PIECEWISE_BEZIER_KNOTS.);
#397 = CARTESIAN_POINT('',(39.31524932654,24.098037588897,
    -20.14106559622));
#398 = CARTESIAN_POINT('',(39.333957529974,24.094070129979,
    -20.14076459407));
#399 = CARTESIAN_POINT('',(39.352679486637,24.090110668003,
    -20.14046329651));
#400 = CARTESIAN_POINT('',(39.371385842633,24.086186098531,
    -20.14016203544));
#401 = CARTESIAN_POINT('',(39.390136847176,24.08222319819,
    -20.13986025204));
#402 = CARTESIAN_POINT('',(39.412346641214,24.077663333252,
    -20.13950189169));
#403 = ORIENTED_EDGE('',*,*,#404,.T.);
#404 = EDGE_CURVE('',#394,#405,#407,.T.);
#405 = VERTEX_POINT('',#406);
#406 = CARTESIAN_POINT('',(43.989563521316,25.400864639236,
    -20.05027740855));
#407 = B_SPLINE_CURVE_WITH_KNOTS('',13,(#408,#409,#410,#411,#412,#413,
    #414,#415,#416,#417,#418,#419,#420,#421,#422,#423,#424,#425,#426,
    #427,#428,#429,#430,#431,#432,#433,#434,#435,#436,#437,#438,#439,
    #440,#441,#442,#443,#444,#445),.UNSPECIFIED.,.F.,.F.,(14,12,12,14),(
    0.100564750067,3.748688573739,5.651242459106,5.856316993948),
  .UNSPECIFIED.);
#408 = CARTESIAN_POINT('',(39.412346641214,24.077663333253,
    -20.13950189169));
#409 = CARTESIAN_POINT('',(39.722399790265,24.014006710386,
    -20.13449910976));
#410 = CARTESIAN_POINT('',(40.051209342131,23.966574748543,
    -20.12905733521));
#411 = CARTESIAN_POINT('',(40.388618360337,23.943189643868,
    -20.12330148751));
#412 = CARTESIAN_POINT('',(40.728240922669,23.94691419102,
    -20.11732270738));
#413 = CARTESIAN_POINT('',(41.070954829155,23.966941766022,
    -20.11117900618));
#414 = CARTESIAN_POINT('',(41.43075550225,24.024842512416,
    -20.10447854319));
#415 = CARTESIAN_POINT('',(41.76221952019,24.098545891827,
    -20.09816748136));
#416 = CARTESIAN_POINT('',(42.118332930231,24.207021922276,
    -20.09118814597));
#417 = CARTESIAN_POINT('',(42.446385629484,24.337951559188,
    -20.08454820089));
#418 = CARTESIAN_POINT('',(42.77539907283,24.496626621667,
    -20.07770296639));
#419 = CARTESIAN_POINT('',(43.087783313449,24.679686422177,
    -20.07098361494));
#420 = CARTESIAN_POINT('',(43.385817829643,24.886229143943,
    -20.06435631311));
#421 = CARTESIAN_POINT('',(43.812478509474,25.233241905235,
    -20.05452015555));
#422 = CARTESIAN_POINT('',(43.953952320571,25.358046985934,
    -20.05119248128));
#423 = CARTESIAN_POINT('',(44.090345549899,25.488435203596,
    -20.04791594726));
#424 = CARTESIAN_POINT('',(44.22136477257,25.624131725835,
    -20.04469756379));
#425 = CARTESIAN_POINT('',(44.34671496339,25.764843885913,-20.0415444904
    ));
#426 = CARTESIAN_POINT('',(44.466111677338,25.910238918007,
    -20.03846397347));
#427 = CARTESIAN_POINT('',(44.579315506997,26.059926991128,
    -20.03546285748));
#428 = CARTESIAN_POINT('',(44.686178767913,26.213454420129,
    -20.03254681276));
#429 = CARTESIAN_POINT('',(44.786694454534,26.370312012024,
    -20.02971942055));
#430 = CARTESIAN_POINT('',(44.881037404692,26.529963412447,
    -20.02698125895));
#431 = CARTESIAN_POINT('',(44.96958771262,26.691898410592,
    -20.02432913037));
#432 = CARTESIAN_POINT('',(45.052926345391,26.855716080746,
    -20.02175557374));
#433 = CARTESIAN_POINT('',(45.140293940259,27.03908465928,
    -20.01897860018));
#434 = CARTESIAN_POINT('',(45.148794902149,27.056926621168,
    -20.01870839764));
#435 = CARTESIAN_POINT('',(45.157295864038,27.074768583056,
    -20.01843819509));
#436 = CARTESIAN_POINT('',(45.165796825928,27.092610544944,
    -20.01816799255));
#437 = CARTESIAN_POINT('',(45.174297787818,27.110452506832,
    -20.01789779001));
#438 = CARTESIAN_POINT('',(45.182798749707,27.12829446872,
    -20.01762758746));
#439 = CARTESIAN_POINT('',(45.191299711597,27.146136430608,
    -20.01735738492));
#440 = CARTESIAN_POINT('',(45.199800673487,27.163978392496,
    -20.01708718237));
#441 = CARTESIAN_POINT('',(45.208301635376,27.181820354384,
    -20.01681697983));
#442 = CARTESIAN_POINT('',(45.216802597266,27.199662316272,
    -20.01654677729));
#443 = CARTESIAN_POINT('',(45.225303559156,27.21750427816,
    -20.01627657474));
#444 = CARTESIAN_POINT('',(45.233804521046,27.235346240048,
    -20.0160063722));
#445 = CARTESIAN_POINT('',(45.242305482935,27.253188201936,
    -20.01573616965));
#446 = ORIENTED_EDGE('',*,*,#447,.T.);
#447 = EDGE_CURVE('',#405,#448,#450,.T.);
#448 = VERTEX_POINT('',#449);
#449 = CARTESIAN_POINT('',(44.958500724118,26.021276075822,
    -20.02907837129));
#450 = B_SPLINE_CURVE_WITH_KNOTS('',1,(#451,#452),.UNSPECIFIED.,.F.,.F.,
  (2,2),(-0.805084154084,2.353322911938),.PIECEWISE_BEZIER_KNOTS.);
#451 = CARTESIAN_POINT('',(43.223428640747,24.910307727502,
    -20.06703940493));
#452 = CARTESIAN_POINT('',(45.882849662175,26.613137602975,
    -20.00885486503));
#453 = ORIENTED_EDGE('',*,*,#454,.F.);
#454 = EDGE_CURVE('',#61,#448,#455,.T.);
#455 = LINE('',#456,#457);
#456 = CARTESIAN_POINT('',(79.542904258777,26.019217455295,
    -19.42283800697));
#457 = VECTOR('',#458,1.);
#458 = DIRECTION('',(-0.999846395458,5.951539141349E-05,
    -1.752660682543E-02));
#459 = ORIENTED_EDGE('',*,*,#58,.F.);
#460 = ORIENTED_EDGE('',*,*,#77,.F.);
#461 = ORIENTED_EDGE('',*,*,#462,.F.);
#462 = EDGE_CURVE('',#463,#78,#465,.T.);
#463 = VERTEX_POINT('',#464);
#464 = CARTESIAN_POINT('',(72.807870971911,26.019618355018,
    -19.54089842196));
#465 = LINE('',#466,#467);
#466 = CARTESIAN_POINT('',(79.542904258777,26.019217455295,
    -19.42283800697));
#467 = VECTOR('',#468,1.);
#468 = DIRECTION('',(-0.999846395458,5.951539141349E-05,
    -1.752660682543E-02));
#469 = ORIENTED_EDGE('',*,*,#470,.F.);
#470 = EDGE_CURVE('',#471,#463,#473,.T.);
#471 = VERTEX_POINT('',#472);
#472 = CARTESIAN_POINT('',(78.043253696372,24.019352847876,
    -19.46270958419));
#473 = CIRCLE('',#474,3.);
#474 = AXIS2_PLACEMENT_3D('',#475,#476,#477);
#475 = CARTESIAN_POINT('',(75.043714509997,24.01953139405,
    -19.51528940466));
#476 = DIRECTION('',(1.752660682543E-02,6.790833489229E-03,
    -0.999823335712));
#477 = DIRECTION('',(0.999846395458,-5.951539141349E-05,
    1.752660682543E-02));
#478 = ORIENTED_EDGE('',*,*,#479,.F.);
#479 = EDGE_CURVE('',#480,#471,#482,.T.);
#480 = VERTEX_POINT('',#481);
#481 = CARTESIAN_POINT('',(77.279319986517,26.019352194096,
    -19.46251705341));
#482 = CIRCLE('',#483,3.);
#483 = AXIS2_PLACEMENT_3D('',#484,#485,#486);
#484 = CARTESIAN_POINT('',(75.043714509997,24.01953139405,
    -19.51528940466));
#485 = DIRECTION('',(1.752660682543E-02,6.790833489229E-03,
    -0.999823335712));
#486 = DIRECTION('',(0.999846395458,-5.951539141349E-05,
    1.752660682543E-02));
#487 = ORIENTED_EDGE('',*,*,#488,.F.);
#488 = EDGE_CURVE('',#489,#480,#491,.T.);
#489 = VERTEX_POINT('',#490);
#490 = CARTESIAN_POINT('',(79.128754321488,26.019242107378,
    -19.43009776522));
#491 = LINE('',#492,#493);
#492 = CARTESIAN_POINT('',(79.542904258777,26.019217455295,
    -19.42283800697));
#493 = VECTOR('',#494,1.);
#494 = DIRECTION('',(-0.999846395458,5.951539141349E-05,
    -1.752660682543E-02));
#495 = ORIENTED_EDGE('',*,*,#496,.F.);
#496 = EDGE_CURVE('',#497,#489,#499,.T.);
#497 = VERTEX_POINT('',#498);
#498 = CARTESIAN_POINT('',(80.542834821709,24.604976988937,
    -19.41491508897));
#499 = LINE('',#500,#501);
#500 = CARTESIAN_POINT('',(80.835700482448,24.312073092513,
    -19.41177065376));
#501 = VECTOR('',#502,1.);
#502 = DIRECTION('',(-0.70704025011,0.70713255922,-7.591338127312E-03));
#503 = ORIENTED_EDGE('',*,*,#504,.F.);
#504 = EDGE_CURVE('',#138,#497,#505,.T.);
#505 = LINE('',#506,#507);
#506 = CARTESIAN_POINT('',(80.544774177543,-7.98005802871,
    -19.63619973878));
#507 = VECTOR('',#508,1.);
#508 = DIRECTION('',(-5.951539141349E-05,0.999976940253,
    6.790833489229E-03));
#509 = FACE_BOUND('',#510,.F.);
#510 = EDGE_LOOP('',(#511));
#511 = ORIENTED_EDGE('',*,*,#512,.F.);
#512 = EDGE_CURVE('',#513,#513,#515,.T.);
#513 = VERTEX_POINT('',#514);
#514 = CARTESIAN_POINT('',(78.0444440042,4.019814042809,-19.59852625397)
  );
#515 = CIRCLE('',#516,3.);
#516 = AXIS2_PLACEMENT_3D('',#517,#518,#519);
#517 = CARTESIAN_POINT('',(75.044904817825,4.019992588983,
    -19.65110607445));
#518 = DIRECTION('',(1.752660682543E-02,6.790833489229E-03,
    -0.999823335712));
#519 = DIRECTION('',(0.999846395458,-5.951539141349E-05,
    1.752660682543E-02));
#520 = FACE_BOUND('',#521,.F.);
#521 = EDGE_LOOP('',(#522));
#522 = ORIENTED_EDGE('',*,*,#523,.F.);
#523 = EDGE_CURVE('',#524,#524,#526,.T.);
#524 = VERTEX_POINT('',#525);
#525 = CARTESIAN_POINT('',(54.048130513199,4.021242412203,
    -20.01916481778));
#526 = CIRCLE('',#527,3.);
#527 = AXIS2_PLACEMENT_3D('',#528,#529,#530);
#528 = CARTESIAN_POINT('',(51.048591326824,4.021420958377,
    -20.07174463826));
#529 = DIRECTION('',(1.752660682543E-02,6.790833489229E-03,
    -0.999823335712));
#530 = DIRECTION('',(0.999846395458,-5.951539141349E-05,
    1.752660682543E-02));
#531 = FACE_BOUND('',#532,.F.);
#532 = EDGE_LOOP('',(#533));
#533 = ORIENTED_EDGE('',*,*,#534,.F.);
#534 = EDGE_CURVE('',#535,#535,#537,.T.);
#535 = VERTEX_POINT('',#536);
#536 = CARTESIAN_POINT('',(17.66392018303,8.323530988127,-20.62774795646
    ));
#537 = CIRCLE('',#538,2.7);
#538 = AXIS2_PLACEMENT_3D('',#539,#540,#541);
#539 = CARTESIAN_POINT('',(14.964334915292,8.323691679684,
    -20.67506979489));
#540 = DIRECTION('',(1.752660682543E-02,6.790833489229E-03,
    -0.999823335712));
#541 = DIRECTION('',(0.999846395458,-5.951539141349E-05,
    1.752660682543E-02));
#542 = FACE_BOUND('',#543,.F.);
#543 = EDGE_LOOP('',(#544));
#544 = ORIENTED_EDGE('',*,*,#545,.F.);
#545 = EDGE_CURVE('',#546,#546,#548,.T.);
#546 = VERTEX_POINT('',#547);
#547 = CARTESIAN_POINT('',(21.926094002455,17.55271641808,
    -20.49034837661));
#548 = CIRCLE('',#549,2.7);
#549 = AXIS2_PLACEMENT_3D('',#550,#551,#552);
#550 = CARTESIAN_POINT('',(21.926254694012,14.852778679396,
    -20.50868362703));
#551 = DIRECTION('',(1.752660682543E-02,6.790833489229E-03,
    -0.999823335712));
#552 = DIRECTION('',(-5.951539141349E-05,0.999976940253,
    6.790833489229E-03));
#553 = FACE_BOUND('',#554,.F.);
#554 = EDGE_LOOP('',(#555));
#555 = ORIENTED_EDGE('',*,*,#556,.F.);
#556 = EDGE_CURVE('',#557,#557,#559,.T.);
#557 = VERTEX_POINT('',#558);
#558 = CARTESIAN_POINT('',(18.180302269045,15.069859653897,
    -20.57287464188));
#559 = CIRCLE('',#560,3.);
#560 = AXIS2_PLACEMENT_3D('',#561,#562,#563);
#561 = CARTESIAN_POINT('',(15.18076308267,15.070038200071,
    -20.62545446235));
#562 = DIRECTION('',(1.752660682543E-02,6.790833489229E-03,
    -0.999823335712));
#563 = DIRECTION('',(0.999846395458,-5.951539141349E-05,
    1.752660682543E-02));
#564 = FACE_BOUND('',#565,.F.);
#565 = EDGE_LOOP('',(#566));
#566 = ORIENTED_EDGE('',*,*,#567,.F.);
#567 = EDGE_CURVE('',#568,#568,#570,.T.);
#568 = VERTEX_POINT('',#569);
#569 = CARTESIAN_POINT('',(8.435432162884,12.587359982062,-20.7605605481
    ));
#570 = CIRCLE('',#571,2.7);
#571 = AXIS2_PLACEMENT_3D('',#572,#573,#574);
#572 = CARTESIAN_POINT('',(8.435271471327,15.287297720746,
    -20.74222529768));
#573 = DIRECTION('',(1.752660682543E-02,6.790833489229E-03,
    -0.999823335712));
#574 = DIRECTION('',(5.951539141349E-05,-0.999976940253,
    -6.790833489229E-03));
#575 = FACE_BOUND('',#576,.F.);
#576 = EDGE_LOOP('',(#577));
#577 = ORIENTED_EDGE('',*,*,#578,.F.);
#578 = EDGE_CURVE('',#579,#579,#581,.T.);
#579 = VERTEX_POINT('',#580);
#580 = CARTESIAN_POINT('',(12.697605982309,21.816545412015,
    -20.62316096825));
#581 = CIRCLE('',#582,2.7);
#582 = AXIS2_PLACEMENT_3D('',#583,#584,#585);
#583 = CARTESIAN_POINT('',(15.397191250047,21.816384720458,
    -20.57583912982));
#584 = DIRECTION('',(1.752660682543E-02,6.790833489229E-03,
    -0.999823335712));
#585 = DIRECTION('',(-0.999846395458,5.951539141349E-05,
    -1.752660682543E-02));
#586 = PLANE('',#587);
#587 = AXIS2_PLACEMENT_3D('',#588,#589,#590);
#588 = CARTESIAN_POINT('',(54.783083231515,12.028867859299,
    -19.95189325492));
#589 = DIRECTION('',(-1.752660682543E-02,-6.790833489229E-03,
    0.999823335712));
#590 = DIRECTION('',(0.999846395458,-5.951539141349E-05,
    1.752660682543E-02));
#591 = ADVANCED_FACE('',(#592),#611,.F.);
#592 = FACE_BOUND('',#593,.F.);
#593 = EDGE_LOOP('',(#594,#602,#609,#610));
#594 = ORIENTED_EDGE('',*,*,#595,.F.);
#595 = EDGE_CURVE('',#596,#87,#598,.T.);
#596 = VERTEX_POINT('',#597);
#597 = CARTESIAN_POINT('',(75.061062570648,27.026253048299,
    -20.49474023991));
#598 = LINE('',#599,#600);
#599 = CARTESIAN_POINT('',(79.560371350211,27.025985229038,
    -20.41587050919));
#600 = VECTOR('',#601,1.);
#601 = DIRECTION('',(-0.999846395458,5.951539141349E-05,
    -1.752660682543E-02));
#602 = ORIENTED_EDGE('',*,*,#603,.T.);
#603 = EDGE_CURVE('',#596,#463,#604,.T.);
#604 = ELLIPSE('',#605,4.242640687119,3.);
#605 = AXIS2_PLACEMENT_3D('',#606,#607,#608);
#606 = CARTESIAN_POINT('',(75.008661296346,24.005949727071,
    -17.51564273324));
#607 = DIRECTION('',(-1.243526627431E-02,0.702288631073,0.71178370508));
#608 = DIRECTION('',(-1.23510988006E-02,-0.711892319893,0.70218001626));
#609 = ORIENTED_EDGE('',*,*,#462,.T.);
#610 = ORIENTED_EDGE('',*,*,#86,.T.);
#611 = PLANE('',#612);
#612 = AXIS2_PLACEMENT_3D('',#613,#614,#615);
#613 = CARTESIAN_POINT('',(79.551637804494,26.522601342167,
    -19.91935425808));
#614 = DIRECTION('',(1.243526627431E-02,-0.702288631073,-0.71178370508)
  );
#615 = DIRECTION('',(-0.999846395458,5.951539141349E-05,
    -1.752660682543E-02));
#616 = ADVANCED_FACE('',(#617),#634,.F.);
#617 = FACE_BOUND('',#618,.F.);
#618 = EDGE_LOOP('',(#619,#627,#628,#629));
#619 = ORIENTED_EDGE('',*,*,#620,.F.);
#620 = EDGE_CURVE('',#87,#621,#623,.T.);
#621 = VERTEX_POINT('',#622);
#622 = CARTESIAN_POINT('',(44.683312790227,27.028061269719,
    -21.02724091107));
#623 = LINE('',#624,#625);
#624 = CARTESIAN_POINT('',(79.560371350211,27.025985229038,
    -20.41587050919));
#625 = VECTOR('',#626,1.);
#626 = DIRECTION('',(-0.999846395458,5.951539141349E-05,
    -1.752660682543E-02));
#627 = ORIENTED_EDGE('',*,*,#95,.T.);
#628 = ORIENTED_EDGE('',*,*,#454,.T.);
#629 = ORIENTED_EDGE('',*,*,#630,.T.);
#630 = EDGE_CURVE('',#448,#621,#631,.T.);
#631 = B_SPLINE_CURVE_WITH_KNOTS('',1,(#632,#633),.UNSPECIFIED.,.F.,.F.,
  (2,2),(0.,1.),.PIECEWISE_BEZIER_KNOTS.);
#632 = CARTESIAN_POINT('',(44.958500724118,26.021276075822,
    -20.02907837129));
#633 = CARTESIAN_POINT('',(44.683312790227,27.028061269719,
    -21.02724091107));
#634 = PLANE('',#635);
#635 = AXIS2_PLACEMENT_3D('',#636,#637,#638);
#636 = CARTESIAN_POINT('',(79.551637804494,26.522601342167,
    -19.91935425808));
#637 = DIRECTION('',(1.243526627431E-02,-0.702288631073,-0.71178370508)
  );
#638 = DIRECTION('',(-0.999846395458,5.951539141349E-05,
    -1.752660682543E-02));
#639 = ADVANCED_FACE('',(#640,#716,#727,#738,#749),#752,.F.);
#640 = FACE_BOUND('',#641,.T.);
#641 = EDGE_LOOP('',(#642,#652,#660,#668,#676,#684,#692,#700,#710));
#642 = ORIENTED_EDGE('',*,*,#643,.T.);
#643 = EDGE_CURVE('',#644,#646,#648,.T.);
#644 = VERTEX_POINT('',#645);
#645 = CARTESIAN_POINT('',(79.612951170687,27.046357729506,
    -23.41534051633));
#646 = VERTEX_POINT('',#647);
#647 = CARTESIAN_POINT('',(81.612762992387,25.046284818216,
    -23.39386896966));
#648 = LINE('',#649,#650);
#649 = CARTESIAN_POINT('',(80.612857081537,26.046321273861,
    -23.40460474299));
#650 = VECTOR('',#651,1.);
#651 = DIRECTION('',(0.70704025011,-0.70713255922,7.591338127312E-03));
#652 = ORIENTED_EDGE('',*,*,#653,.T.);
#653 = EDGE_CURVE('',#646,#654,#656,.T.);
#654 = VERTEX_POINT('',#655);
#655 = CARTESIAN_POINT('',(81.614727000303,-7.952954210144,
    -23.6179664748));
#656 = LINE('',#657,#658);
#657 = CARTESIAN_POINT('',(81.612643961604,27.046238698723,
    -23.38028730268));
#658 = VECTOR('',#659,1.);
#659 = DIRECTION('',(5.95153914135E-05,-0.999976940253,
    -6.79083348923E-03));
#660 = ORIENTED_EDGE('',*,*,#661,.T.);
#661 = EDGE_CURVE('',#654,#662,#664,.T.);
#662 = VERTEX_POINT('',#663);
#663 = CARTESIAN_POINT('',(79.615153240169,-9.952789059868,
    -23.66660135543));
#664 = LINE('',#665,#666);
#665 = CARTESIAN_POINT('',(89.862968760856,0.296364544967,-23.4173475922
    ));
#666 = VECTOR('',#667,1.);
#667 = DIRECTION('',(-0.706956082637,-0.707048391746,-1.71950269476E-02)
  );
#668 = ORIENTED_EDGE('',*,*,#669,.F.);
#669 = EDGE_CURVE('',#670,#662,#672,.T.);
#670 = VERTEX_POINT('',#671);
#671 = CARTESIAN_POINT('',(52.619300562793,-9.9511821443,-24.13981973972
    ));
#672 = LINE('',#673,#674);
#673 = CARTESIAN_POINT('',(90.927074910688,-9.953462396742,
    -23.46831129362));
#674 = VECTOR('',#675,1.);
#675 = DIRECTION('',(0.999846395458,-5.951539141349E-05,
    1.752660682543E-02));
#676 = ORIENTED_EDGE('',*,*,#677,.T.);
#677 = EDGE_CURVE('',#670,#678,#680,.T.);
#678 = VERTEX_POINT('',#679);
#679 = CARTESIAN_POINT('',(44.620172306778,-3.950844379649,
    -24.23928759338));
#680 = LINE('',#681,#682);
#681 = CARTESIAN_POINT('',(51.01947491159,-8.75111459137,-24.15971331045
    ));
#682 = VECTOR('',#683,1.);
#683 = DIRECTION('',(-0.799912825602,0.600033776465,-9.94678536681E-03)
  );
#684 = ORIENTED_EDGE('',*,*,#685,.F.);
#685 = EDGE_CURVE('',#686,#678,#688,.T.);
#686 = VERTEX_POINT('',#687);
#687 = CARTESIAN_POINT('',(44.620068652502,-2.209246396065,
    -24.22746041874));
#688 = LINE('',#689,#690);
#689 = CARTESIAN_POINT('',(44.618327329644,27.048440768205,
    -24.02877175522));
#690 = VECTOR('',#691,1.);
#691 = DIRECTION('',(5.95153914135E-05,-0.999976940253,
    -6.79083348923E-03));
#692 = ORIENTED_EDGE('',*,*,#693,.F.);
#693 = EDGE_CURVE('',#694,#686,#696,.T.);
#694 = VERTEX_POINT('',#695);
#695 = CARTESIAN_POINT('',(44.618331810143,26.973159474854,
    -24.02928298974));
#696 = LINE('',#697,#698);
#697 = CARTESIAN_POINT('',(44.618327329644,27.048440768205,
    -24.02877175522));
#698 = VECTOR('',#699,1.);
#699 = DIRECTION('',(5.95153914135E-05,-0.999976940253,
    -6.79083348923E-03));
#700 = ORIENTED_EDGE('',*,*,#701,.F.);
#701 = EDGE_CURVE('',#702,#694,#704,.T.);
#702 = VERTEX_POINT('',#703);
#703 = CARTESIAN_POINT('',(44.735892610704,27.048433770186,
    -24.02671091821));
#704 = B_SPLINE_CURVE_WITH_KNOTS('',4,(#705,#706,#707,#708,#709),
  .UNSPECIFIED.,.F.,.F.,(5,5),(0.,1.),.PIECEWISE_BEZIER_KNOTS.);
#705 = CARTESIAN_POINT('',(44.735892610704,27.048433770186,
    -24.02671091821));
#706 = CARTESIAN_POINT('',(44.706194534477,27.029418062995,-24.027360672
    ));
#707 = CARTESIAN_POINT('',(44.682563988348,27.014287401246,
    -24.02787767643));
#708 = CARTESIAN_POINT('',(44.635306987241,26.984028697317,
    -24.02891159579));
#709 = CARTESIAN_POINT('',(44.618331810143,26.973159474854,
    -24.02928298974));
#710 = ORIENTED_EDGE('',*,*,#711,.F.);
#711 = EDGE_CURVE('',#644,#702,#712,.T.);
#712 = LINE('',#713,#714);
#713 = CARTESIAN_POINT('',(81.612643961604,27.046238698723,
    -23.38028730268));
#714 = VECTOR('',#715,1.);
#715 = DIRECTION('',(-0.999846395458,5.951539141349E-05,
    -1.752660682543E-02));
#716 = FACE_BOUND('',#717,.T.);
#717 = EDGE_LOOP('',(#718));
#718 = ORIENTED_EDGE('',*,*,#719,.T.);
#719 = EDGE_CURVE('',#720,#720,#722,.T.);
#720 = VERTEX_POINT('',#721);
#721 = CARTESIAN_POINT('',(76.36481923945,4.047081528701,-23.62849115876
    ));
#722 = CIRCLE('',#723,1.25);
#723 = AXIS2_PLACEMENT_3D('',#724,#725,#726);
#724 = CARTESIAN_POINT('',(75.115011245127,4.04715592294,-23.6503994173)
  );
#725 = DIRECTION('',(-1.752660682543E-02,-6.790833489229E-03,
    0.999823335712));
#726 = DIRECTION('',(0.999846395458,-5.951539141349E-05,
    1.752660682543E-02));
#727 = FACE_BOUND('',#728,.T.);
#728 = EDGE_LOOP('',(#729));
#729 = ORIENTED_EDGE('',*,*,#730,.T.);
#730 = EDGE_CURVE('',#731,#731,#733,.T.);
#731 = VERTEX_POINT('',#732);
#732 = CARTESIAN_POINT('',(52.368505748449,4.048509898095,
    -24.04912972257));
#733 = CIRCLE('',#734,1.25);
#734 = AXIS2_PLACEMENT_3D('',#735,#736,#737);
#735 = CARTESIAN_POINT('',(51.118697754126,4.048584292334,
    -24.07103798111));
#736 = DIRECTION('',(-1.752660682543E-02,-6.790833489229E-03,
    0.999823335712));
#737 = DIRECTION('',(0.999846395458,-5.951539141349E-05,
    1.752660682543E-02));
#738 = FACE_BOUND('',#739,.T.);
#739 = EDGE_LOOP('',(#740));
#740 = ORIENTED_EDGE('',*,*,#741,.T.);
#741 = EDGE_CURVE('',#742,#742,#744,.T.);
#742 = VERTEX_POINT('',#743);
#743 = CARTESIAN_POINT('',(76.363628931621,24.046620333768,
    -23.49267448898));
#744 = CIRCLE('',#745,1.25);
#745 = AXIS2_PLACEMENT_3D('',#746,#747,#748);
#746 = CARTESIAN_POINT('',(75.113820937298,24.046694728007,
    -23.51458274751));
#747 = DIRECTION('',(-1.752660682543E-02,-6.790833489229E-03,
    0.999823335712));
#748 = DIRECTION('',(0.999846395458,-5.951539141349E-05,
    1.752660682543E-02));
#749 = FACE_BOUND('',#750,.T.);
#750 = EDGE_LOOP('',(#751));
#751 = ORIENTED_EDGE('',*,*,#118,.T.);
#752 = PLANE('',#753);
#753 = AXIS2_PLACEMENT_3D('',#754,#755,#756);
#754 = CARTESIAN_POINT('',(81.612643961604,27.046238698723,
    -23.38028730268));
#755 = DIRECTION('',(-1.752660682543E-02,-6.79083348923E-03,
    0.999823335712));
#756 = DIRECTION('',(0.999846395458,-5.951539141349E-05,
    1.752660682543E-02));
#757 = ADVANCED_FACE('',(#758),#783,.F.);
#758 = FACE_BOUND('',#759,.F.);
#759 = EDGE_LOOP('',(#760,#768,#769,#777));
#760 = ORIENTED_EDGE('',*,*,#761,.F.);
#761 = EDGE_CURVE('',#136,#762,#764,.T.);
#762 = VERTEX_POINT('',#763);
#763 = CARTESIAN_POINT('',(79.562573419693,-9.973161560336,
    -20.66713134829));
#764 = LINE('',#765,#766);
#765 = CARTESIAN_POINT('',(79.363760815048,-9.515792263563,
    -20.20693292606));
#766 = VECTOR('',#767,1.);
#767 = DIRECTION('',(0.292975375261,-0.673991176738,-0.678160248886));
#768 = ORIENTED_EDGE('',*,*,#135,.T.);
#769 = ORIENTED_EDGE('',*,*,#770,.T.);
#770 = EDGE_CURVE('',#138,#771,#773,.T.);
#771 = VERTEX_POINT('',#772);
#772 = CARTESIAN_POINT('',(81.562147179827,-7.973326710612,
    -20.61849646767));
#773 = LINE('',#774,#775);
#774 = CARTESIAN_POINT('',(80.819194723406,-7.675770650202,
    -19.89912230526));
#775 = VECTOR('',#776,1.);
#776 = DIRECTION('',(0.690404363998,-0.276510294656,-0.668493733046));
#777 = ORIENTED_EDGE('',*,*,#778,.F.);
#778 = EDGE_CURVE('',#762,#771,#779,.T.);
#779 = LINE('',#780,#781);
#780 = CARTESIAN_POINT('',(79.562573419693,-9.973161560336,
    -20.66713134829));
#781 = VECTOR('',#782,1.);
#782 = DIRECTION('',(0.706956082637,0.707048391746,1.71950269476E-02));
#783 = PLANE('',#784);
#784 = AXIS2_PLACEMENT_3D('',#785,#786,#787);
#785 = CARTESIAN_POINT('',(79.200289991225,-9.62299069747,-20.1710153495
    ));
#786 = DIRECTION('',(-0.487559772887,0.504820072233,-0.712349747338));
#787 = DIRECTION('',(0.706956082637,0.707048391746,1.71950269476E-02));
#788 = ADVANCED_FACE('',(#789),#807,.T.);
#789 = FACE_BOUND('',#790,.T.);
#790 = EDGE_LOOP('',(#791,#792,#793,#801));
#791 = ORIENTED_EDGE('',*,*,#761,.F.);
#792 = ORIENTED_EDGE('',*,*,#145,.T.);
#793 = ORIENTED_EDGE('',*,*,#794,.T.);
#794 = EDGE_CURVE('',#146,#795,#797,.T.);
#795 = VERTEX_POINT('',#796);
#796 = CARTESIAN_POINT('',(52.566720742317,-9.971554644768,
    -21.14034973258));
#797 = LINE('',#798,#799);
#798 = CARTESIAN_POINT('',(53.63842561702,-6.600016523432,
    -17.70332678731));
#799 = VECTOR('',#800,1.);
#800 = DIRECTION('',(-0.217276895169,-0.683543904893,-0.696820264422));
#801 = ORIENTED_EDGE('',*,*,#802,.F.);
#802 = EDGE_CURVE('',#762,#795,#803,.T.);
#803 = LINE('',#804,#805);
#804 = CARTESIAN_POINT('',(79.562573419693,-9.973161560336,
    -20.66713134829));
#805 = VECTOR('',#806,1.);
#806 = DIRECTION('',(-0.999846395458,5.951539141349E-05,
    -1.752660682543E-02));
#807 = PLANE('',#808);
#808 = AXIS2_PLACEMENT_3D('',#809,#810,#811);
#809 = CARTESIAN_POINT('',(79.553780358585,-9.476568506954,
    -20.16382426369));
#810 = DIRECTION('',(-1.23510988006E-02,-0.711892319893,0.70218001626));
#811 = DIRECTION('',(-0.999846395458,5.951539141349E-05,
    -1.752660682543E-02));
#812 = ADVANCED_FACE('',(#813),#831,.F.);
#813 = FACE_BOUND('',#814,.F.);
#814 = EDGE_LOOP('',(#815,#816,#817,#825));
#815 = ORIENTED_EDGE('',*,*,#770,.F.);
#816 = ORIENTED_EDGE('',*,*,#504,.T.);
#817 = ORIENTED_EDGE('',*,*,#818,.T.);
#818 = EDGE_CURVE('',#497,#819,#821,.T.);
#819 = VERTEX_POINT('',#820);
#820 = CARTESIAN_POINT('',(81.56018317191,25.025912317748,
    -20.39439896252));
#821 = LINE('',#822,#823);
#822 = CARTESIAN_POINT('',(77.889829792493,23.507276733082,
    -16.86065170213));
#823 = VECTOR('',#824,1.);
#824 = DIRECTION('',(0.690370906273,0.285646017292,-0.664676135104));
#825 = ORIENTED_EDGE('',*,*,#826,.F.);
#826 = EDGE_CURVE('',#771,#819,#827,.T.);
#827 = LINE('',#828,#829);
#828 = CARTESIAN_POINT('',(81.562147179827,-7.973326710612,
    -20.61849646767));
#829 = VECTOR('',#830,1.);
#830 = DIRECTION('',(-5.951539141349E-05,0.999976940253,
    6.790833489229E-03));
#831 = PLANE('',#832);
#832 = AXIS2_PLACEMENT_3D('',#833,#834,#835);
#833 = CARTESIAN_POINT('',(81.053460678685,-7.976692369661,
    -20.12734810322));
#834 = DIRECTION('',(-0.694604983836,4.843928146996E-03,-0.719375043208)
  );
#835 = DIRECTION('',(-5.951539141349E-05,0.999976940253,
    6.790833489229E-03));
#836 = ADVANCED_FACE('',(#837),#855,.F.);
#837 = FACE_BOUND('',#838,.F.);
#838 = EDGE_LOOP('',(#839,#847,#848,#849));
#839 = ORIENTED_EDGE('',*,*,#840,.F.);
#840 = EDGE_CURVE('',#154,#841,#843,.T.);
#841 = VERTEX_POINT('',#842);
#842 = CARTESIAN_POINT('',(44.567592486301,-3.971216880116,
    -21.23981758625));
#843 = LINE('',#844,#845);
#844 = CARTESIAN_POINT('',(45.194254032012,-3.65661458591,
    -20.58862308719));
#845 = VECTOR('',#846,1.);
#846 = DIRECTION('',(-0.654860020625,-0.328758747497,-0.680496906188));
#847 = ORIENTED_EDGE('',*,*,#153,.T.);
#848 = ORIENTED_EDGE('',*,*,#794,.T.);
#849 = ORIENTED_EDGE('',*,*,#850,.F.);
#850 = EDGE_CURVE('',#841,#795,#851,.T.);
#851 = LINE('',#852,#853);
#852 = CARTESIAN_POINT('',(44.567592486301,-3.971216880116,
    -21.23981758625));
#853 = VECTOR('',#854,1.);
#854 = DIRECTION('',(0.799912825602,-0.600033776465,9.94678536681E-03));
#855 = PLANE('',#856);
#856 = AXIS2_PLACEMENT_3D('',#857,#858,#859);
#857 = CARTESIAN_POINT('',(44.85875929537,-3.574639375377,
    -20.73193160295));
#858 = DIRECTION('',(0.436558415372,0.570448974555,-0.69570447562));
#859 = DIRECTION('',(0.799912825602,-0.600033776465,9.94678536681E-03));
#860 = ADVANCED_FACE('',(#861),#879,.F.);
#861 = FACE_BOUND('',#862,.F.);
#862 = EDGE_LOOP('',(#863,#864,#865,#873));
#863 = ORIENTED_EDGE('',*,*,#818,.F.);
#864 = ORIENTED_EDGE('',*,*,#496,.T.);
#865 = ORIENTED_EDGE('',*,*,#866,.T.);
#866 = EDGE_CURVE('',#489,#867,#869,.T.);
#867 = VERTEX_POINT('',#868);
#868 = CARTESIAN_POINT('',(79.560371350211,27.025985229038,
    -20.41587050919));
#869 = LINE('',#870,#871);
#870 = CARTESIAN_POINT('',(79.245183940109,26.290813222288,
    -19.6960120758));
#871 = VECTOR('',#872,1.);
#872 = DIRECTION('',(0.292894601169,0.683174215742,-0.668943752159));
#873 = ORIENTED_EDGE('',*,*,#874,.F.);
#874 = EDGE_CURVE('',#819,#867,#875,.T.);
#875 = LINE('',#876,#877);
#876 = CARTESIAN_POINT('',(81.56018317191,25.025912317748,
    -20.39439896252));
#877 = VECTOR('',#878,1.);
#878 = DIRECTION('',(-0.70704025011,0.70713255922,-7.591338127312E-03));
#879 = PLANE('',#880);
#880 = AXIS2_PLACEMENT_3D('',#881,#882,#883);
#881 = CARTESIAN_POINT('',(81.197941827179,24.66899270513,
    -19.90308480814));
#882 = DIRECTION('',(-0.487500257496,-0.495156868021,-0.719140580828));
#883 = DIRECTION('',(-0.70704025011,0.70713255922,-7.591338127312E-03));
#884 = ADVANCED_FACE('',(#885),#902,.T.);
#885 = FACE_BOUND('',#886,.F.);
#886 = EDGE_LOOP('',(#887,#894,#895,#896));
#887 = ORIENTED_EDGE('',*,*,#888,.F.);
#888 = EDGE_CURVE('',#162,#889,#891,.T.);
#889 = VERTEX_POINT('',#890);
#890 = CARTESIAN_POINT('',(44.567488832025,-2.229618896532,
    -21.22799041161));
#891 = B_SPLINE_CURVE_WITH_KNOTS('',1,(#892,#893),.UNSPECIFIED.,.F.,.F.,
  (2,2),(0.,4.082969328922),.PIECEWISE_BEZIER_KNOTS.);
#892 = CARTESIAN_POINT('',(45.549808620658,-2.236469245413,
    -20.21064046907));
#893 = CARTESIAN_POINT('',(44.567488832025,-2.229618896532,
    -21.22799041161));
#894 = ORIENTED_EDGE('',*,*,#161,.T.);
#895 = ORIENTED_EDGE('',*,*,#840,.T.);
#896 = ORIENTED_EDGE('',*,*,#897,.F.);
#897 = EDGE_CURVE('',#889,#841,#898,.T.);
#898 = LINE('',#899,#900);
#899 = CARTESIAN_POINT('',(44.567488832025,-2.229618896532,
    -21.22799041161));
#900 = VECTOR('',#901,1.);
#901 = DIRECTION('',(5.951539141349E-05,-0.999976940253,
    -6.790833489229E-03));
#902 = PLANE('',#903);
#903 = AXIS2_PLACEMENT_3D('',#904,#905,#906);
#904 = CARTESIAN_POINT('',(45.058648726342,-2.233044070973,
    -20.71931544034));
#905 = DIRECTION('',(-0.719391348911,-4.759760673289E-03,0.694588678133)
  );
#906 = DIRECTION('',(-5.951539141349E-05,0.999976940253,
    6.790833489229E-03));
#907 = ADVANCED_FACE('',(#908),#925,.F.);
#908 = FACE_BOUND('',#909,.F.);
#909 = EDGE_LOOP('',(#910,#911,#912,#919));
#910 = ORIENTED_EDGE('',*,*,#866,.F.);
#911 = ORIENTED_EDGE('',*,*,#488,.T.);
#912 = ORIENTED_EDGE('',*,*,#913,.T.);
#913 = EDGE_CURVE('',#480,#596,#914,.T.);
#914 = ELLIPSE('',#915,4.242640687119,3.);
#915 = AXIS2_PLACEMENT_3D('',#916,#917,#918);
#916 = CARTESIAN_POINT('',(75.008661296346,24.005949727071,
    -17.51564273324));
#917 = DIRECTION('',(-1.243526627431E-02,0.702288631073,0.71178370508));
#918 = DIRECTION('',(-1.23510988006E-02,-0.711892319893,0.70218001626));
#919 = ORIENTED_EDGE('',*,*,#920,.F.);
#920 = EDGE_CURVE('',#867,#596,#921,.T.);
#921 = LINE('',#922,#923);
#922 = CARTESIAN_POINT('',(79.560371350211,27.025985229038,
    -20.41587050919));
#923 = VECTOR('',#924,1.);
#924 = DIRECTION('',(-0.999846395458,5.951539141349E-05,
    -1.752660682543E-02));
#925 = PLANE('',#926);
#926 = AXIS2_PLACEMENT_3D('',#927,#928,#929);
#927 = CARTESIAN_POINT('',(79.551637804494,26.522601342167,
    -19.91935425808));
#928 = DIRECTION('',(1.243526627431E-02,-0.702288631073,-0.71178370508)
  );
#929 = DIRECTION('',(-0.999846395458,5.951539141349E-05,
    -1.752660682543E-02));
#930 = ADVANCED_FACE('',(#931),#977,.T.);
#931 = FACE_BOUND('',#932,.T.);
#932 = EDGE_LOOP('',(#933,#940,#975,#976));
#933 = ORIENTED_EDGE('',*,*,#934,.T.);
#934 = EDGE_CURVE('',#170,#935,#937,.T.);
#935 = VERTEX_POINT('',#936);
#936 = CARTESIAN_POINT('',(38.064239471862,3.749433882214,
    -21.30137734563));
#937 = B_SPLINE_CURVE_WITH_KNOTS('',1,(#938,#939),.UNSPECIFIED.,.F.,.F.,
  (2,2),(0.,54.320229362058),.PIECEWISE_BEZIER_KNOTS.);
#938 = CARTESIAN_POINT('',(37.983846183257,4.738124543138,
    -20.29589787483));
#939 = CARTESIAN_POINT('',(38.064239471862,3.749433882214,
    -21.30137734563));
#940 = ORIENTED_EDGE('',*,*,#941,.T.);
#941 = EDGE_CURVE('',#935,#889,#942,.T.);
#942 = B_SPLINE_CURVE_WITH_KNOTS('',11,(#943,#944,#945,#946,#947,#948,
    #949,#950,#951,#952,#953,#954,#955,#956,#957,#958,#959,#960,#961,
    #962,#963,#964,#965,#966,#967,#968,#969,#970,#971,#972,#973,#974),
  .UNSPECIFIED.,.F.,.F.,(12,10,10,12),(48.917560537887,49.947962243858,
    50.959143352482,53.000529866808),.UNSPECIFIED.);
#943 = CARTESIAN_POINT('',(38.064239471862,3.749433882214,
    -21.30137734563));
#944 = CARTESIAN_POINT('',(38.281307647214,3.767717847373,
    -21.29743645648));
#945 = CARTESIAN_POINT('',(38.499430885832,3.777358630772,
    -21.29353212164));
#946 = CARTESIAN_POINT('',(38.719857531704,3.778406938562,
    -21.28974184887));
#947 = CARTESIAN_POINT('',(38.940656897964,3.770402013495,
    -21.28582098998));
#948 = CARTESIAN_POINT('',(39.163893531754,3.753600343453,
    -21.28211941159));
#949 = CARTESIAN_POINT('',(39.387128118115,3.727090186957,
    -21.27831498289));
#950 = CARTESIAN_POINT('',(39.610280325903,3.691476936142,
    -21.27468508354));
#951 = CARTESIAN_POINT('',(39.832851165611,3.646244502298,
    -21.27107435509));
#952 = CARTESIAN_POINT('',(40.054125495723,3.591593813583,
    -21.26757104999));
#953 = CARTESIAN_POINT('',(40.273628471029,3.52747709202,-21.26415812322
    ));
#954 = CARTESIAN_POINT('',(40.703896945214,3.381853812857,
    -21.25760472253));
#955 = CARTESIAN_POINT('',(40.914752334388,3.300692612368,
    -21.25445973962));
#956 = CARTESIAN_POINT('',(41.122831389907,3.210561709776,
    -21.25142434753));
#957 = CARTESIAN_POINT('',(41.327616929706,3.111568386093,
    -21.24850688366));
#958 = CARTESIAN_POINT('',(41.528600617376,3.003860367047,
    -21.24571525563));
#959 = CARTESIAN_POINT('',(41.725286112085,2.887624334995,
    -21.24305689619));
#960 = CARTESIAN_POINT('',(41.917192216412,2.763084440717,
    -21.24053871816));
#961 = CARTESIAN_POINT('',(42.103856026631,2.630500815331,
    -21.23816706929));
#962 = CARTESIAN_POINT('',(42.284836080652,2.490168082113,
    -21.23594768718));
#963 = CARTESIAN_POINT('',(42.45971550779,2.342413868376,-21.2338856542)
  );
#964 = CARTESIAN_POINT('',(42.968052589103,1.875051506461,
    -21.22814899656));
#965 = CARTESIAN_POINT('',(43.281535601936,1.533726443759,
    -21.22497202345));
#966 = CARTESIAN_POINT('',(43.5653585322,1.166581940168,-21.22249034931)
  );
#967 = CARTESIAN_POINT('',(43.816776109131,0.777055269593,
    -21.22072875184));
#968 = CARTESIAN_POINT('',(44.033592331452,0.368985860285,
    -21.21969964877));
#969 = CARTESIAN_POINT('',(44.214234396238,-5.347623117706E-02,
    -21.21940242353));
#970 = CARTESIAN_POINT('',(44.357801703694,-0.485978063343,
    -21.21982329806));
#971 = CARTESIAN_POINT('',(44.464089933044,-0.924087770765,
    -21.22093575265));
#972 = CARTESIAN_POINT('',(44.533590194782,-1.363434742306,
    -21.22270149296));
#973 = CARTESIAN_POINT('',(44.567463254523,-1.799866016864,
    -21.22507196406));
#974 = CARTESIAN_POINT('',(44.567488832025,-2.229618896532,
    -21.22799041161));
#975 = ORIENTED_EDGE('',*,*,#888,.F.);
#976 = ORIENTED_EDGE('',*,*,#169,.F.);
#977 = B_SPLINE_SURFACE_WITH_KNOTS('',1,11,(
    (#978,#979,#980,#981,#982,#983,#984,#985,#986,#987,#988,#989,#990
      ,#991,#992,#993,#994,#995,#996,#997,#998,#999,#1000,#1001,#1002
      ,#1003,#1004,#1005,#1006,#1007,#1008,#1009)
    ,(#1010,#1011,#1012,#1013,#1014,#1015,#1016,#1017,#1018,#1019,#1020
      ,#1021,#1022,#1023,#1024,#1025,#1026,#1027,#1028,#1029,#1030,#1031
      ,#1032,#1033,#1034,#1035,#1036,#1037,#1038,#1039,#1040,#1041
  )),.UNSPECIFIED.,.F.,.F.,.F.,(2,2),(12,10,10,12),(0.,4.082969328922),(
    48.917560537887,49.947962243858,50.959143352482,53.000529866808),
  .UNSPECIFIED.);
#978 = CARTESIAN_POINT('',(37.983846183257,4.738124543138,
    -20.29589787483));
#979 = CARTESIAN_POINT('',(38.206421611689,4.752157924127,
    -20.29190087833));
#980 = CARTESIAN_POINT('',(38.456430178712,4.766662360629,
    -20.28741978761));
#981 = CARTESIAN_POINT('',(38.720073279858,4.772779751248,
    -20.28275665264));
#982 = CARTESIAN_POINT('',(38.981715845159,4.764411058585,
    -20.27822697644));
#983 = CARTESIAN_POINT('',(39.248885388929,4.743514271792,
    -20.27368550517));
#984 = CARTESIAN_POINT('',(39.502899844392,4.713176912765,
    -20.26943875939));
#985 = CARTESIAN_POINT('',(39.767895329287,4.671515902442,
    -20.26507643003));
#986 = CARTESIAN_POINT('',(40.025618502136,4.618668650476,
    -20.26091755948));
#987 = CARTESIAN_POINT('',(40.284287913817,4.554952377403,
    -20.25681592439));
#988 = CARTESIAN_POINT('',(40.540308046693,4.480139967087,
    -20.25283609571));
#989 = CARTESIAN_POINT('',(41.04228547663,4.310245377688,-20.24519050982
    ));
#990 = CARTESIAN_POINT('',(41.288279789275,4.215557911401,
    -20.24152142284));
#991 = CARTESIAN_POINT('',(41.531035068414,4.110407254047,
    -20.23798018151));
#992 = CARTESIAN_POINT('',(41.769949414813,3.99491818073,-20.23457648945
    ));
#993 = CARTESIAN_POINT('',(42.004430426965,3.869262123684,
    -20.23131956692));
#994 = CARTESIAN_POINT('',(42.233899020375,3.733655776054,
    -20.22821809331));
#995 = CARTESIAN_POINT('',(42.457793245361,3.588359695525,
    -20.22528014972));
#996 = CARTESIAN_POINT('',(42.675572106633,3.433676908128,
    -20.22251316147));
#997 = CARTESIAN_POINT('',(42.886719381105,3.269951511876,
    -20.21992384067));
#998 = CARTESIAN_POINT('',(43.090747437155,3.097567280537,
    -20.21751812876));
#999 = CARTESIAN_POINT('',(43.683804350308,2.552306048608,
    -20.21082544929));
#1000 = CARTESIAN_POINT('',(44.04952827821,2.154099465776,
    -20.20711904961));
#1001 = CARTESIAN_POINT('',(44.380652066427,1.725768939601,
    -20.20422378295));
#1002 = CARTESIAN_POINT('',(44.673973779153,1.271321579914,
    -20.20216856189));
#1003 = CARTESIAN_POINT('',(44.926929249654,0.795237930063,
    -20.20096790349));
#1004 = CARTESIAN_POINT('',(45.13768092828,0.302362508261,
    -20.20062111534));
#1005 = CARTESIAN_POINT('',(45.305176648169,-0.202223854171,
    -20.20111213242));
#1006 = CARTESIAN_POINT('',(45.429178302829,-0.713349877684,
    -20.20241000518));
#1007 = CARTESIAN_POINT('',(45.510260442,-1.225917902491,-20.20447003845
    ));
#1008 = CARTESIAN_POINT('',(45.549778779957,-1.735086159676,
    -20.2072355815));
#1009 = CARTESIAN_POINT('',(45.549808620658,-2.236469245413,
    -20.21064046907));
#1010 = CARTESIAN_POINT('',(38.064239471862,3.749433882214,
    -21.30137734563));
#1011 = CARTESIAN_POINT('',(38.281307647214,3.767717847373,
    -21.29743645648));
#1012 = CARTESIAN_POINT('',(38.499430885832,3.777358630772,
    -21.29353212164));
#1013 = CARTESIAN_POINT('',(38.719857531704,3.778406938562,
    -21.28974184887));
#1014 = CARTESIAN_POINT('',(38.940656897964,3.770402013495,
    -21.28582098998));
#1015 = CARTESIAN_POINT('',(39.163893531754,3.753600343453,
    -21.28211941159));
#1016 = CARTESIAN_POINT('',(39.387128118115,3.727090186957,
    -21.27831498289));
#1017 = CARTESIAN_POINT('',(39.610280325903,3.691476936142,
    -21.27468508354));
#1018 = CARTESIAN_POINT('',(39.832851165611,3.646244502298,
    -21.27107435509));
#1019 = CARTESIAN_POINT('',(40.054125495723,3.591593813583,
    -21.26757104999));
#1020 = CARTESIAN_POINT('',(40.273628471029,3.52747709202,
    -21.26415812322));
#1021 = CARTESIAN_POINT('',(40.703896945214,3.381853812857,
    -21.25760472253));
#1022 = CARTESIAN_POINT('',(40.914752334388,3.300692612368,
    -21.25445973962));
#1023 = CARTESIAN_POINT('',(41.122831389907,3.210561709776,
    -21.25142434753));
#1024 = CARTESIAN_POINT('',(41.327616929706,3.111568386093,
    -21.24850688366));
#1025 = CARTESIAN_POINT('',(41.528600617376,3.003860367047,
    -21.24571525563));
#1026 = CARTESIAN_POINT('',(41.725286112085,2.887624334995,
    -21.24305689619));
#1027 = CARTESIAN_POINT('',(41.917192216412,2.763084440717,
    -21.24053871816));
#1028 = CARTESIAN_POINT('',(42.103856026631,2.630500815331,
    -21.23816706929));
#1029 = CARTESIAN_POINT('',(42.284836080652,2.490168082113,
    -21.23594768718));
#1030 = CARTESIAN_POINT('',(42.45971550779,2.342413868376,-21.2338856542
    ));
#1031 = CARTESIAN_POINT('',(42.968052589103,1.875051506461,
    -21.22814899656));
#1032 = CARTESIAN_POINT('',(43.281535601936,1.533726443759,
    -21.22497202345));
#1033 = CARTESIAN_POINT('',(43.5653585322,1.166581940168,-21.22249034931
    ));
#1034 = CARTESIAN_POINT('',(43.816776109131,0.777055269593,
    -21.22072875184));
#1035 = CARTESIAN_POINT('',(44.033592331452,0.368985860285,
    -21.21969964877));
#1036 = CARTESIAN_POINT('',(44.214234396238,-5.347623117706E-02,
    -21.21940242353));
#1037 = CARTESIAN_POINT('',(44.357801703694,-0.485978063343,
    -21.21982329806));
#1038 = CARTESIAN_POINT('',(44.464089933044,-0.924087770765,
    -21.22093575265));
#1039 = CARTESIAN_POINT('',(44.533590194782,-1.363434742306,
    -21.22270149296));
#1040 = CARTESIAN_POINT('',(44.567463254523,-1.799866016864,
    -21.22507196406));
#1041 = CARTESIAN_POINT('',(44.567488832025,-2.229618896532,
    -21.22799041161));
#1042 = ADVANCED_FACE('',(#1043),#1073,.F.);
#1043 = FACE_BOUND('',#1044,.T.);
#1044 = EDGE_LOOP('',(#1045,#1046,#1053,#1062,#1069,#1070,#1071,#1072));
#1045 = ORIENTED_EDGE('',*,*,#470,.F.);
#1046 = ORIENTED_EDGE('',*,*,#1047,.F.);
#1047 = EDGE_CURVE('',#1048,#471,#1050,.T.);
#1048 = VERTEX_POINT('',#1049);
#1049 = CARTESIAN_POINT('',(78.095833516848,24.039725348343,
    -22.46217959132));
#1050 = B_SPLINE_CURVE_WITH_KNOTS('',1,(#1051,#1052),.UNSPECIFIED.,.F.,
  .F.,(2,2),(-3.,0.),.PIECEWISE_BEZIER_KNOTS.);
#1051 = CARTESIAN_POINT('',(78.095833516848,24.039725348343,
    -22.46217959132));
#1052 = CARTESIAN_POINT('',(78.043253696372,24.019352847876,
    -19.46270958419));
#1053 = ORIENTED_EDGE('',*,*,#1054,.T.);
#1054 = EDGE_CURVE('',#1048,#1055,#1057,.T.);
#1055 = VERTEX_POINT('',#1056);
#1056 = CARTESIAN_POINT('',(75.09611563832,27.039834715286,
    -22.49438691389));
#1057 = CIRCLE('',#1058,3.);
#1058 = AXIS2_PLACEMENT_3D('',#1059,#1060,#1061);
#1059 = CARTESIAN_POINT('',(75.096294330473,24.039903894518,
    -22.5147594118));
#1060 = DIRECTION('',(1.752660682543E-02,6.790833489229E-03,
    -0.999823335712));
#1061 = DIRECTION('',(0.999846395458,-5.951539141349E-05,
    1.752660682543E-02));
#1062 = ORIENTED_EDGE('',*,*,#1063,.T.);
#1063 = EDGE_CURVE('',#1055,#1048,#1064,.T.);
#1064 = CIRCLE('',#1065,3.);
#1065 = AXIS2_PLACEMENT_3D('',#1066,#1067,#1068);
#1066 = CARTESIAN_POINT('',(75.096294330473,24.039903894518,
    -22.5147594118));
#1067 = DIRECTION('',(1.752660682543E-02,6.790833489229E-03,
    -0.999823335712));
#1068 = DIRECTION('',(0.999846395458,-5.951539141349E-05,
    1.752660682543E-02));
#1069 = ORIENTED_EDGE('',*,*,#1047,.T.);
#1070 = ORIENTED_EDGE('',*,*,#479,.F.);
#1071 = ORIENTED_EDGE('',*,*,#913,.T.);
#1072 = ORIENTED_EDGE('',*,*,#603,.T.);
#1073 = CYLINDRICAL_SURFACE('',#1074,3.);
#1074 = AXIS2_PLACEMENT_3D('',#1075,#1076,#1077);
#1075 = CARTESIAN_POINT('',(75.043714509997,24.01953139405,
    -19.51528940466));
#1076 = DIRECTION('',(-1.752660682543E-02,-6.790833489229E-03,
    0.999823335712));
#1077 = DIRECTION('',(0.999846395458,-5.951539141349E-05,
    1.752660682543E-02));
#1078 = ADVANCED_FACE('',(#1079),#1208,.T.);
#1079 = FACE_BOUND('',#1080,.T.);
#1080 = EDGE_LOOP('',(#1081,#1091,#1206,#1207));
#1081 = ORIENTED_EDGE('',*,*,#1082,.T.);
#1082 = EDGE_CURVE('',#207,#1083,#1085,.T.);
#1083 = VERTEX_POINT('',#1084);
#1084 = CARTESIAN_POINT('',(1.568019561108,11.432264792358,
    -21.88896639679));
#1085 = B_SPLINE_CURVE_WITH_KNOTS('',4,(#1086,#1087,#1088,#1089,#1090),
  .UNSPECIFIED.,.F.,.F.,(5,5),(0.,1.),.PIECEWISE_BEZIER_KNOTS.);
#1086 = CARTESIAN_POINT('',(2.551433975354,11.45438363598,
    -20.87140050607));
#1087 = CARTESIAN_POINT('',(2.30557123702,11.448827576412,
    -21.12579231176));
#1088 = CARTESIAN_POINT('',(2.059714747904,11.443289890145,
    -21.38018388691));
#1089 = CARTESIAN_POINT('',(1.813864235865,11.437769644068,
    -21.63457524428));
#1090 = CARTESIAN_POINT('',(1.568019463228,11.432265956593,
    -21.88896639141));
#1091 = ORIENTED_EDGE('',*,*,#1092,.T.);
#1092 = EDGE_CURVE('',#1083,#935,#1093,.T.);
#1093 = B_SPLINE_CURVE_WITH_KNOTS('',12,(#1094,#1095,#1096,#1097,#1098,
    #1099,#1100,#1101,#1102,#1103,#1104,#1105,#1106,#1107,#1108,#1109,
    #1110,#1111,#1112,#1113,#1114,#1115,#1116,#1117,#1118,#1119,#1120,
    #1121,#1122,#1123,#1124,#1125,#1126,#1127,#1128,#1129,#1130,#1131,
    #1132,#1133,#1134,#1135,#1136,#1137,#1138,#1139,#1140,#1141,#1142,
    #1143,#1144,#1145,#1146,#1147,#1148,#1149,#1150,#1151,#1152,#1153,
    #1154,#1155,#1156,#1157,#1158,#1159,#1160,#1161,#1162,#1163,#1164,
    #1165,#1166,#1167,#1168,#1169,#1170,#1171,#1172,#1173,#1174,#1175,
    #1176,#1177,#1178,#1179,#1180,#1181,#1182,#1183,#1184,#1185,#1186,
    #1187,#1188,#1189,#1190,#1191,#1192,#1193,#1194,#1195,#1196,#1197,
    #1198,#1199,#1200,#1201,#1202,#1203,#1204,#1205),.UNSPECIFIED.,.F.,
  .F.,(13,11,11,11,11,11,11,11,11,11,13),(-6.496673575041,
    -5.402668824171,-4.052001618128,-2.701334412085,0.,4.405802915861,
    14.055037925148,23.704272934435,33.353507943723,43.00274295301,
    48.917560537887),.UNSPECIFIED.);
#1094 = CARTESIAN_POINT('',(1.83844422115,20.218900437485,
    -21.76534324267));
#1095 = CARTESIAN_POINT('',(1.820623995317,20.058505735671,
    -21.77016433702));
#1096 = CARTESIAN_POINT('',(1.802803769485,19.898111033857,
    -21.77498543136));
#1097 = CARTESIAN_POINT('',(1.784983543653,19.737716332043,
    -21.77980652571));
#1098 = CARTESIAN_POINT('',(1.767163317821,19.577321630228,
    -21.78462762006));
#1099 = CARTESIAN_POINT('',(1.749343091988,19.416926928414,
    -21.78944871441));
#1100 = CARTESIAN_POINT('',(1.731522866156,19.2565322266,-21.79426980876
    ));
#1101 = CARTESIAN_POINT('',(1.713702640324,19.096137524786,
    -21.7990909031));
#1102 = CARTESIAN_POINT('',(1.695882414491,18.935742822972,
    -21.80391199745));
#1103 = CARTESIAN_POINT('',(1.678062188659,18.775348121157,
    -21.8087330918));
#1104 = CARTESIAN_POINT('',(1.660241962827,18.614953419343,
    -21.81355418615));
#1105 = CARTESIAN_POINT('',(1.642421736995,18.454558717529,
    -21.8183752805));
#1106 = CARTESIAN_POINT('',(1.602600514716,18.096139406049,
    -21.82914853733));
#1107 = CARTESIAN_POINT('',(1.582952074495,17.903205043982,
    -21.83398696306));
#1108 = CARTESIAN_POINT('',(1.565335229804,17.715087089438,
    -21.83800137004));
#1109 = CARTESIAN_POINT('',(1.549700367268,17.5315202504,-21.84137109986
    ));
#1110 = CARTESIAN_POINT('',(1.535314825012,17.352252550832,
    -21.84429908582));
#1111 = CARTESIAN_POINT('',(1.522991726489,17.177033489985,
    -21.84677978007));
#1112 = CARTESIAN_POINT('',(1.511316578018,17.005633433762,
    -21.84904602809));
#1113 = CARTESIAN_POINT('',(1.501190861076,16.837819984837,
    -21.85102103971));
#1114 = CARTESIAN_POINT('',(1.49200555687,16.673377259466,
    -21.85282954209));
#1115 = CARTESIAN_POINT('',(1.483833537289,16.512094956645,
    -21.85447730106));
#1116 = CARTESIAN_POINT('',(1.476573419524,16.353772298286,
    -21.85600015193));
#1117 = CARTESIAN_POINT('',(1.463747583348,16.042661726446,
    -21.8588382654));
#1118 = CARTESIAN_POINT('',(1.458181660707,15.889873783353,
    -21.86015433231));
#1119 = CARTESIAN_POINT('',(1.453398530079,15.739660956438,
    -21.86138815403));
#1120 = CARTESIAN_POINT('',(1.449342328256,15.591839574021,
    -21.86255616669));
#1121 = CARTESIAN_POINT('',(1.445964770314,15.446234451583,
    -21.86367108517));
#1122 = CARTESIAN_POINT('',(1.443224387731,15.302678824288,
    -21.86474249035));
#1123 = CARTESIAN_POINT('',(1.441085766426,15.161014279021,
    -21.8657774163));
#1124 = CARTESIAN_POINT('',(1.439518784888,15.021090687021,
    -21.86678093756));
#1125 = CARTESIAN_POINT('',(1.438497852215,14.882766135896,
    -21.86775675636));
#1126 = CARTESIAN_POINT('',(1.438001146231,14.745906862182,
    -21.86870778986));
#1127 = CARTESIAN_POINT('',(1.438009851546,14.610387183498,
    -21.86963675738));
#1128 = CARTESIAN_POINT('',(1.439502489862,14.207493925851,
    -21.87236678821));
#1129 = CARTESIAN_POINT('',(1.442453956601,13.943785931021,
    -21.87410930535));
#1130 = CARTESIAN_POINT('',(1.447238015759,13.684025443618,
    -21.87578958898));
#1131 = CARTESIAN_POINT('',(1.453775157242,13.427400340282,
    -21.87741758142));
#1132 = CARTESIAN_POINT('',(1.462021631005,13.173226643938,
    -21.87899951578));
#1133 = CARTESIAN_POINT('',(1.47196148619,12.920948827933,
    -21.88053919953));
#1134 = CARTESIAN_POINT('',(1.483599161406,12.670140158325,
    -21.88203896326));
#1135 = CARTESIAN_POINT('',(1.496952626116,12.420503073217,
    -21.88350027458));
#1136 = CARTESIAN_POINT('',(1.512047073148,12.17186960034,
    -21.88492401719));
#1137 = CARTESIAN_POINT('',(1.528909162332,11.924201811838,
    -21.88631043514));
#1138 = CARTESIAN_POINT('',(1.547561815248,11.677592316968,
    -21.88765874227));
#1139 = CARTESIAN_POINT('',(1.601385587898,11.032142275703,
    -21.89109914573));
#1140 = CARTESIAN_POINT('',(1.639551611277,10.635429127,-21.8931245956)
  );
#1141 = CARTESIAN_POINT('',(1.682573304166,10.243092401404,
    -21.89503520222));
#1142 = CARTESIAN_POINT('',(1.730506339451,9.856099153895,
    -21.89682342137));
#1143 = CARTESIAN_POINT('',(1.783406390093,9.475416439818,
    -21.89848170887));
#1144 = CARTESIAN_POINT('',(1.841329128936,9.102011313944,-21.9000025205
    ));
#1145 = CARTESIAN_POINT('',(1.904330228971,8.736850831766,
    -21.90137831208));
#1146 = CARTESIAN_POINT('',(1.972465363034,8.380902048035,
    -21.90260153939));
#1147 = CARTESIAN_POINT('',(2.045790204097,8.035132018131,
    -21.90366465825));
#1148 = CARTESIAN_POINT('',(2.124360425036,7.700507796996,
    -21.90456012444));
#1149 = CARTESIAN_POINT('',(2.208231698779,7.377996439818,
    -21.90528039377));
#1150 = CARTESIAN_POINT('',(2.492879682421,6.390873165954,
    -21.90699517321));
#1151 = CARTESIAN_POINT('',(2.713993863333,5.775920777996,
    -21.90729588429));
#1152 = CARTESIAN_POINT('',(2.959744298903,5.219890547894,
    -21.90676452786));
#1153 = CARTESIAN_POINT('',(3.229073047097,4.718965185791,-21.9054455765
    ));
#1154 = CARTESIAN_POINT('',(3.520922165816,4.269327401732,
    -21.90338350277));
#1155 = CARTESIAN_POINT('',(3.834233713065,3.867159905911,
    -21.90062277925));
#1156 = CARTESIAN_POINT('',(4.167949746712,3.508645408337,-21.8972078785
    ));
#1157 = CARTESIAN_POINT('',(4.521012324772,3.189966619207,-21.8931832731
    ));
#1158 = CARTESIAN_POINT('',(4.892363505133,2.907306248561,
    -21.88859343562));
#1159 = CARTESIAN_POINT('',(5.280945345771,2.656847006547,
    -21.88348283862));
#1160 = CARTESIAN_POINT('',(5.685699904614,2.434771603252,
    -21.87789595469));
#1161 = CARTESIAN_POINT('',(6.525438574602,2.03975389433,-21.8658585581)
  );
#1162 = CARTESIAN_POINT('',(6.960422685754,1.866811588703,
    -21.85940804543));
#1163 = CARTESIAN_POINT('',(7.407158301528,1.71665960792,-21.85259673972
    ));
#1164 = CARTESIAN_POINT('',(7.862282150513,1.587521728013,-21.8454956623
    ));
#1165 = CARTESIAN_POINT('',(8.322430961023,1.477621724971,
    -21.83817583448));
#1166 = CARTESIAN_POINT('',(8.784241461836,1.385183374852,
    -21.83070827761));
#1167 = CARTESIAN_POINT('',(9.244350381103,1.308430453624,
    -21.82316401298));
#1168 = CARTESIAN_POINT('',(9.699394447668,1.245586737351,
    -21.81561406195));
#1169 = CARTESIAN_POINT('',(10.146010389745,1.194876002012,
    -21.80812944582));
#1170 = CARTESIAN_POINT('',(10.580834936017,1.154522023648,
    -21.80078118594));
#1171 = CARTESIAN_POINT('',(11.000504814884,1.122748578265,
    -21.79364030361));
#1172 = CARTESIAN_POINT('',(11.802808694878,1.072810305499,
    -21.77991533673));
#1173 = CARTESIAN_POINT('',(12.185442695995,1.054645478116,
    -21.77333125218));
#1174 = CARTESIAN_POINT('',(12.554396058067,1.04294452358,
    -21.76694308234));
#1175 = CARTESIAN_POINT('',(12.91450608091,1.037367005736,
    -21.76066834303));
#1176 = CARTESIAN_POINT('',(13.27061006438,1.037572488434,
    -21.75442455007));
#1177 = CARTESIAN_POINT('',(13.627545308265,1.043220535515,
    -21.74812921928));
#1178 = CARTESIAN_POINT('',(13.990149112449,1.053970710832,
    -21.74169986649));
#1179 = CARTESIAN_POINT('',(14.363258776704,1.069482578224,
    -21.7350540075));
#1180 = CARTESIAN_POINT('',(14.751711600907,1.089415701545,
    -21.72810915815));
#1181 = CARTESIAN_POINT('',(15.160344884857,1.113429644636,
    -21.72078283426));
#1182 = CARTESIAN_POINT('',(15.593995928399,1.141183971347,
    -21.71299255164));
#1183 = CARTESIAN_POINT('',(16.521008134313,1.203492519697,
    -21.69631910061));
#1184 = CARTESIAN_POINT('',(17.014369296692,1.238046741338,
    -21.68743593219));
#1185 = CARTESIAN_POINT('',(17.54770921388,1.278152176385,
    -21.67781424402));
#1186 = CARTESIAN_POINT('',(18.131151581357,1.32596009079,
    -21.66726195924));
#1187 = CARTESIAN_POINT('',(18.774820094392,1.383621750476,-21.655587001
    ));
#1188 = CARTESIAN_POINT('',(19.488838448626,1.453288421421,
    -21.64259729247));
#1189 = CARTESIAN_POINT('',(20.283330339177,1.537111369522,
    -21.62810075677));
#1190 = CARTESIAN_POINT('',(21.168419461758,1.637241860772,
    -21.61190531707));
#1191 = CARTESIAN_POINT('',(22.154229511529,1.755831161071,
    -21.5938188965));
#1192 = CARTESIAN_POINT('',(23.250884184073,1.895030536392,
    -21.57364941823));
#1193 = CARTESIAN_POINT('',(24.468507174707,2.056991252662,
    -21.55120480539));
#1194 = CARTESIAN_POINT('',(26.643961626725,2.358414756956,
    -21.51102245493));
#1195 = CARTESIAN_POINT('',(27.519993812564,2.482325186391,
    -21.49477378694));
#1196 = CARTESIAN_POINT('',(28.440952575944,2.613385018124,
    -21.47786299959));
#1197 = CARTESIAN_POINT('',(29.402880714352,2.749378983898,
    -21.46004114624));
#1198 = CARTESIAN_POINT('',(30.401455961329,2.888086322589,
    -21.44146913698));
#1199 = CARTESIAN_POINT('',(31.432210794804,3.027282175126,
    -21.42247905017));
#1200 = CARTESIAN_POINT('',(32.490861242418,3.164741249099,
    -21.40315347838));
#1201 = CARTESIAN_POINT('',(33.573317337728,3.298244547572,
    -21.38328023767));
#1202 = CARTESIAN_POINT('',(34.675405387028,3.425590951352,
    -21.36276555071));
#1203 = CARTESIAN_POINT('',(35.792789692287,3.544616433643,
    -21.34211459437));
#1204 = CARTESIAN_POINT('',(36.922038879479,3.653224680652,
    -21.32211408383));
#1205 = CARTESIAN_POINT('',(38.064239471862,3.749433882214,
    -21.30137734563));
#1206 = ORIENTED_EDGE('',*,*,#934,.F.);
#1207 = ORIENTED_EDGE('',*,*,#206,.F.);
#1208 = B_SPLINE_SURFACE_WITH_KNOTS('',1,12,(
    (#1209,#1210,#1211,#1212,#1213,#1214,#1215,#1216,#1217,#1218,#1219
      ,#1220,#1221,#1222,#1223,#1224,#1225,#1226,#1227,#1228,#1229,#1230
      ,#1231,#1232,#1233,#1234,#1235,#1236,#1237,#1238,#1239,#1240,#1241
      ,#1242,#1243,#1244,#1245,#1246,#1247,#1248,#1249,#1250,#1251,#1252
      ,#1253,#1254,#1255,#1256,#1257,#1258,#1259,#1260,#1261,#1262,#1263
      ,#1264,#1265,#1266,#1267,#1268,#1269,#1270,#1271,#1272,#1273,#1274
      ,#1275,#1276,#1277,#1278,#1279,#1280,#1281,#1282,#1283,#1284,#1285
      ,#1286,#1287,#1288,#1289,#1290,#1291,#1292,#1293,#1294,#1295,#1296
      ,#1297,#1298,#1299,#1300,#1301,#1302,#1303,#1304,#1305,#1306,#1307
      ,#1308,#1309,#1310,#1311,#1312,#1313,#1314,#1315,#1316,#1317,#1318
      ,#1319,#1320)
    ,(#1321,#1322,#1323,#1324,#1325,#1326,#1327,#1328,#1329,#1330,#1331
      ,#1332,#1333,#1334,#1335,#1336,#1337,#1338,#1339,#1340,#1341,#1342
      ,#1343,#1344,#1345,#1346,#1347,#1348,#1349,#1350,#1351,#1352,#1353
      ,#1354,#1355,#1356,#1357,#1358,#1359,#1360,#1361,#1362,#1363,#1364
      ,#1365,#1366,#1367,#1368,#1369,#1370,#1371,#1372,#1373,#1374,#1375
      ,#1376,#1377,#1378,#1379,#1380,#1381,#1382,#1383,#1384,#1385,#1386
      ,#1387,#1388,#1389,#1390,#1391,#1392,#1393,#1394,#1395,#1396,#1397
      ,#1398,#1399,#1400,#1401,#1402,#1403,#1404,#1405,#1406,#1407,#1408
      ,#1409,#1410,#1411,#1412,#1413,#1414,#1415,#1416,#1417,#1418,#1419
      ,#1420,#1421,#1422,#1423,#1424,#1425,#1426,#1427,#1428,#1429,#1430
      ,#1431,#1432
    )),.UNSPECIFIED.,.F.,.F.,.F.,(2,2),(13,11,11,11,11,11,11,11,11,11,13
    ),(0.,54.320229362058),(-6.496673575041,-5.402668824171,
    -4.052001618128,-2.701334412085,0.,4.405802915861,14.055037925148,
    23.704272934435,33.353507943723,43.00274295301,48.917560537887),
  .UNSPECIFIED.);
#1209 = CARTESIAN_POINT('',(2.419853794725,20.223817586377,
    -20.81414477937));
#1210 = CARTESIAN_POINT('',(2.41965805781,20.061853511685,
    -20.81524827598));
#1211 = CARTESIAN_POINT('',(2.419462433912,19.899982953984,
    -20.81635113544));
#1212 = CARTESIAN_POINT('',(2.419266923031,19.738205913275,
    -20.81745335776));
#1213 = CARTESIAN_POINT('',(2.419071525168,19.576522389559,
    -20.81855494292));
#1214 = CARTESIAN_POINT('',(2.418876240322,19.414932382834,
    -20.81965589092));
#1215 = CARTESIAN_POINT('',(2.418681068493,19.253435893101,
    -20.82075620178));
#1216 = CARTESIAN_POINT('',(2.418486009681,19.09203292036,
    -20.82185587549));
#1217 = CARTESIAN_POINT('',(2.418291063886,18.930723464611,
    -20.82295491204));
#1218 = CARTESIAN_POINT('',(2.418096231109,18.769507525853,
    -20.82405331144));
#1219 = CARTESIAN_POINT('',(2.417901511349,18.608385104088,
    -20.82515107369));
#1220 = CARTESIAN_POINT('',(2.417706904606,18.447356199315,
    -20.82624819879));
#1221 = CARTESIAN_POINT('',(2.417272287337,18.087728666554,
    -20.82869841971));
#1222 = CARTESIAN_POINT('',(2.416875230802,17.894169458926,
    -20.8300200406));
#1223 = CARTESIAN_POINT('',(2.416350250391,17.705486102131,
    -20.83131078701));
#1224 = CARTESIAN_POINT('',(2.415725598219,17.521429573948,
    -20.83257185507));
#1225 = CARTESIAN_POINT('',(2.415028757996,17.34175880897,-20.8338044003
    ));
#1226 = CARTESIAN_POINT('',(2.414286431276,17.166240578241,
    -20.83500953876));
#1227 = CARTESIAN_POINT('',(2.413524522621,16.994649360999,
    -20.83618834807));
#1228 = CARTESIAN_POINT('',(2.412768123643,16.826767212674,
    -20.83734186868));
#1229 = CARTESIAN_POINT('',(2.412041498559,16.662383638444,
    -20.83847110493));
#1230 = CARTESIAN_POINT('',(2.41136807196,16.501295480557,
    -20.83957702604));
#1231 = CARTESIAN_POINT('',(2.410770421092,16.34330682824,
    -20.84066056689));
#1232 = CARTESIAN_POINT('',(2.409770124449,16.033151082892,
    -20.84278468997));
#1233 = CARTESIAN_POINT('',(2.409367465714,15.880983886556,
    -20.84382527314));
#1234 = CARTESIAN_POINT('',(2.409084049123,15.731538839815,
    -20.8448452771));
#1235 = CARTESIAN_POINT('',(2.408940750256,15.584634404076,
    -20.84584556892));
#1236 = CARTESIAN_POINT('',(2.408957581067,15.440096079372,
    -20.84682698301));
#1237 = CARTESIAN_POINT('',(2.409153703329,15.297756455208,
    -20.84779032053));
#1238 = CARTESIAN_POINT('',(2.409547441938,15.157455260863,
    -20.8487363488));
#1239 = CARTESIAN_POINT('',(2.410156298405,15.019039416337,
    -20.84966580077));
#1240 = CARTESIAN_POINT('',(2.410996964135,14.882363082674,
    -20.85057937437));
#1241 = CARTESIAN_POINT('',(2.412085333905,14.747287712779,
    -20.85147773199));
#1242 = CARTESIAN_POINT('',(2.413436519191,14.613682101915,
    -20.85236149989));
#1243 = CARTESIAN_POINT('',(2.418321546383,14.216903111275,
    -20.85497080297));
#1244 = CARTESIAN_POINT('',(2.422686947183,13.95776786053,
    -20.85665433406));
#1245 = CARTESIAN_POINT('',(2.428275829062,13.703028091065,
    -20.85828656364));
#1246 = CARTESIAN_POINT('',(2.435190987821,13.451815201032,
    -20.8598715893));
#1247 = CARTESIAN_POINT('',(2.443523848762,13.203386654201,
    -20.8614128517));
#1248 = CARTESIAN_POINT('',(2.453354807792,12.957131198895,
    -20.86291309318));
#1249 = CARTESIAN_POINT('',(2.46475331498,12.712573233763,
    -20.86437432659));
#1250 = CARTESIAN_POINT('',(2.477777700419,12.469376319971,
    -20.86579781453));
#1251 = CARTESIAN_POINT('',(2.492474742531,12.227345840259,
    -20.86718405884));
#1252 = CARTESIAN_POINT('',(2.508878978717,11.986430804514,
    -20.86853280041));
#1253 = CARTESIAN_POINT('',(2.527011758402,11.746724802034,
    -20.86984302933));
#1254 = CARTESIAN_POINT('',(2.579284662575,11.119872641856,
    -20.87318430162));
#1255 = CARTESIAN_POINT('',(2.616317582279,10.735125108978,
    -20.8751483436));
#1256 = CARTESIAN_POINT('',(2.657987695682,10.355285195645,
    -20.87699776424));
#1257 = CARTESIAN_POINT('',(2.704314529588,9.981415834646,
    -20.87872500175));
#1258 = CARTESIAN_POINT('',(2.755318392163,9.61458802343,-20.8803224259)
  );
#1259 = CARTESIAN_POINT('',(2.811010525108,9.25588764809,-20.88178246424
    ));
#1260 = CARTESIAN_POINT('',(2.871383256577,8.906422309907,-20.8830977284
    ));
#1261 = CARTESIAN_POINT('',(2.936400153167,8.567328148726,
    -20.88426114033));
#1262 = CARTESIAN_POINT('',(3.00598617287,8.239776669588,-20.88526605861
    ));
#1263 = CARTESIAN_POINT('',(3.080017817188,7.924981566559,
    -20.88610640468));
#1264 = CARTESIAN_POINT('',(3.158313283861,7.624205548584,-20.8867767891
    ));
#1265 = CARTESIAN_POINT('',(3.420889902056,6.71362298384,-20.88835860598
    ));
#1266 = CARTESIAN_POINT('',(3.622131389096,6.15594771777,-20.88861865137
    ));
#1267 = CARTESIAN_POINT('',(3.842073063282,5.661324124917,
    -20.88812263896));
#1268 = CARTESIAN_POINT('',(4.078762064778,5.225571147291,
    -20.88693319967));
#1269 = CARTESIAN_POINT('',(4.329869322278,4.843301567299,-20.8851277516
    ));
#1270 = CARTESIAN_POINT('',(4.593677177447,4.507826695546,-20.8827818346
    ));
#1271 = CARTESIAN_POINT('',(4.870135637118,4.211873932617,
    -20.87994572077));
#1272 = CARTESIAN_POINT('',(5.161062267047,3.948625421957,
    -20.87663385583));
#1273 = CARTESIAN_POINT('',(5.469252117807,3.712628376315,
    -20.87283427888));
#1274 = CARTESIAN_POINT('',(5.796955452837,3.50017003485,-20.86853276066
    ));
#1275 = CARTESIAN_POINT('',(6.144872425588,3.308752573639,
    -20.86373399301));
#1276 = CARTESIAN_POINT('',(6.882138037684,2.961938757192,
    -20.85316551631));
#1277 = CARTESIAN_POINT('',(7.270075859468,2.807254238645,
    -20.84741570365));
#1278 = CARTESIAN_POINT('',(7.674177618927,2.670848044463,
    -20.84125839497));
#1279 = CARTESIAN_POINT('',(8.090996899156,2.552012097624,
    -20.83475881422));
#1280 = CARTESIAN_POINT('',(8.516904158643,2.449810083737,
    -20.82798694565));
#1281 = CARTESIAN_POINT('',(8.948187597226,2.363112079436,-20.8210155305
    ));
#1282 = CARTESIAN_POINT('',(9.381132672468,2.290628034084,
    -20.81391844567));
#1283 = CARTESIAN_POINT('',(9.812080268266,2.230940105869,
    -20.80676946441));
#1284 = CARTESIAN_POINT('',(10.237463513593,2.182533850993,
    -20.79964139906));
#1285 = CARTESIAN_POINT('',(10.653823253406,2.143828267249,
    -20.79260562581));
#1286 = CARTESIAN_POINT('',(11.05780217007,2.113204690916,
    -20.78573199145));
#1287 = CARTESIAN_POINT('',(11.834432942766,2.064864404483,
    -20.77244621296));
#1288 = CARTESIAN_POINT('',(12.203111200778,2.047385712118,
    -20.7661021082));
#1289 = CARTESIAN_POINT('',(12.557222707231,2.036200180113,
    -20.75997061092));
#1290 = CARTESIAN_POINT('',(12.902119641808,2.030880793466,
    -20.75396079931));
#1291 = CARTESIAN_POINT('',(13.2433238231,2.031050943829,-20.74797843544
    ));
#1292 = CARTESIAN_POINT('',(13.586389037221,2.03640718546,
    -20.74192822412));
#1293 = CARTESIAN_POINT('',(13.936763603863,2.046703174815,
    -20.73571633108));
#1294 = CARTESIAN_POINT('',(14.299678919516,2.061712352282,
    -20.72925259029));
#1295 = CARTESIAN_POINT('',(14.680089724495,2.081186925025,
    -20.72245182965));
#1296 = CARTESIAN_POINT('',(15.082691832505,2.104830709381,
    -20.71523374461));
#1297 = CARTESIAN_POINT('',(15.512043069099,2.13230339175,
    -20.70752074928));
#1298 = CARTESIAN_POINT('',(16.433583249336,2.194244141301,
    -20.69094571933));
#1299 = CARTESIAN_POINT('',(16.921922651449,2.228455448976,
    -20.68215290996));
#1300 = CARTESIAN_POINT('',(17.448670927924,2.268074184435,
    -20.67265007698));
#1301 = CARTESIAN_POINT('',(18.024741068495,2.315278439506,
    -20.66223112523));
#1302 = CARTESIAN_POINT('',(18.660894544375,2.372253214246,
    -20.65069256872));
#1303 = CARTESIAN_POINT('',(19.367658093344,2.441185147903,
    -20.63783502512));
#1304 = CARTESIAN_POINT('',(20.155340429806,2.524257491573,
    -20.62346295702));
#1305 = CARTESIAN_POINT('',(21.0341070836,2.623646145344,-20.60738338691
    ));
#1306 = CARTESIAN_POINT('',(22.014071558664,2.74151758169,
    -20.58940431329));
#1307 = CARTESIAN_POINT('',(23.105361016559,2.880029478025,
    -20.56933355502));
#1308 = CARTESIAN_POINT('',(24.318114676925,3.04133488025,
    -20.54697875102));
#1309 = CARTESIAN_POINT('',(26.486380799037,3.341762394217,
    -20.50692917465));
#1310 = CARTESIAN_POINT('',(27.361568307429,3.465548950709,
    -20.49074663452));
#1311 = CARTESIAN_POINT('',(28.28331604305,3.596718136609,
    -20.47369776434));
#1312 = CARTESIAN_POINT('',(29.246898304496,3.732949376882,
    -20.45588116567));
#1313 = CARTESIAN_POINT('',(30.247643691794,3.872320332047,
    -20.43739178337));
#1314 = CARTESIAN_POINT('',(31.281009892996,4.013338714183,
    -20.41831937849));
#1315 = CARTESIAN_POINT('',(32.342702300065,4.154664436992,
    -20.39874833615));
#1316 = CARTESIAN_POINT('',(33.428913146574,4.294587647901,
    -20.37875701873));
#1317 = CARTESIAN_POINT('',(34.536705154787,4.430248666302,
    -20.3584163389));
#1318 = CARTESIAN_POINT('',(35.664510942483,4.556506323717,
    -20.33778869139));
#1319 = CARTESIAN_POINT('',(36.812666733325,4.664281677627,
    -20.31692984677));
#1320 = CARTESIAN_POINT('',(37.983846183257,4.738124543138,
    -20.29589787483));
#1321 = CARTESIAN_POINT('',(1.83844422115,20.218900437485,
    -21.76534324267));
#1322 = CARTESIAN_POINT('',(1.820623995317,20.058505735671,
    -21.77016433702));
#1323 = CARTESIAN_POINT('',(1.802803769485,19.898111033857,
    -21.77498543136));
#1324 = CARTESIAN_POINT('',(1.784983543653,19.737716332043,
    -21.77980652571));
#1325 = CARTESIAN_POINT('',(1.767163317821,19.577321630228,
    -21.78462762006));
#1326 = CARTESIAN_POINT('',(1.749343091988,19.416926928414,
    -21.78944871441));
#1327 = CARTESIAN_POINT('',(1.731522866156,19.2565322266,-21.79426980876
    ));
#1328 = CARTESIAN_POINT('',(1.713702640324,19.096137524786,
    -21.7990909031));
#1329 = CARTESIAN_POINT('',(1.695882414491,18.935742822972,
    -21.80391199745));
#1330 = CARTESIAN_POINT('',(1.678062188659,18.775348121157,
    -21.8087330918));
#1331 = CARTESIAN_POINT('',(1.660241962827,18.614953419343,
    -21.81355418615));
#1332 = CARTESIAN_POINT('',(1.642421736995,18.454558717529,
    -21.8183752805));
#1333 = CARTESIAN_POINT('',(1.602600514716,18.096139406049,
    -21.82914853733));
#1334 = CARTESIAN_POINT('',(1.582952074495,17.903205043982,
    -21.83398696306));
#1335 = CARTESIAN_POINT('',(1.565335229804,17.715087089438,
    -21.83800137004));
#1336 = CARTESIAN_POINT('',(1.549700367268,17.5315202504,-21.84137109986
    ));
#1337 = CARTESIAN_POINT('',(1.535314825012,17.352252550832,
    -21.84429908582));
#1338 = CARTESIAN_POINT('',(1.522991726489,17.177033489985,
    -21.84677978007));
#1339 = CARTESIAN_POINT('',(1.511316578018,17.005633433762,
    -21.84904602809));
#1340 = CARTESIAN_POINT('',(1.501190861076,16.837819984837,
    -21.85102103971));
#1341 = CARTESIAN_POINT('',(1.49200555687,16.673377259466,
    -21.85282954209));
#1342 = CARTESIAN_POINT('',(1.483833537289,16.512094956645,
    -21.85447730106));
#1343 = CARTESIAN_POINT('',(1.476573419524,16.353772298286,
    -21.85600015193));
#1344 = CARTESIAN_POINT('',(1.463747583348,16.042661726446,
    -21.8588382654));
#1345 = CARTESIAN_POINT('',(1.458181660707,15.889873783353,
    -21.86015433231));
#1346 = CARTESIAN_POINT('',(1.453398530079,15.739660956438,
    -21.86138815403));
#1347 = CARTESIAN_POINT('',(1.449342328256,15.591839574021,
    -21.86255616669));
#1348 = CARTESIAN_POINT('',(1.445964770314,15.446234451583,
    -21.86367108517));
#1349 = CARTESIAN_POINT('',(1.443224387731,15.302678824288,
    -21.86474249035));
#1350 = CARTESIAN_POINT('',(1.441085766426,15.161014279021,
    -21.8657774163));
#1351 = CARTESIAN_POINT('',(1.439518784888,15.021090687021,
    -21.86678093756));
#1352 = CARTESIAN_POINT('',(1.438497852215,14.882766135896,
    -21.86775675636));
#1353 = CARTESIAN_POINT('',(1.438001146231,14.745906862182,
    -21.86870778986));
#1354 = CARTESIAN_POINT('',(1.438009851546,14.610387183498,
    -21.86963675738));
#1355 = CARTESIAN_POINT('',(1.439502489862,14.207493925851,
    -21.87236678821));
#1356 = CARTESIAN_POINT('',(1.442453956601,13.943785931021,
    -21.87410930535));
#1357 = CARTESIAN_POINT('',(1.447238015759,13.684025443618,
    -21.87578958898));
#1358 = CARTESIAN_POINT('',(1.453775157242,13.427400340282,
    -21.87741758142));
#1359 = CARTESIAN_POINT('',(1.462021631005,13.173226643938,
    -21.87899951578));
#1360 = CARTESIAN_POINT('',(1.47196148619,12.920948827933,
    -21.88053919953));
#1361 = CARTESIAN_POINT('',(1.483599161406,12.670140158325,
    -21.88203896326));
#1362 = CARTESIAN_POINT('',(1.496952626116,12.420503073217,
    -21.88350027458));
#1363 = CARTESIAN_POINT('',(1.512047073148,12.17186960034,
    -21.88492401719));
#1364 = CARTESIAN_POINT('',(1.528909162332,11.924201811838,
    -21.88631043514));
#1365 = CARTESIAN_POINT('',(1.547561815248,11.677592316968,
    -21.88765874227));
#1366 = CARTESIAN_POINT('',(1.601385587898,11.032142275703,
    -21.89109914573));
#1367 = CARTESIAN_POINT('',(1.639551611277,10.635429127,-21.8931245956)
  );
#1368 = CARTESIAN_POINT('',(1.682573304166,10.243092401404,
    -21.89503520222));
#1369 = CARTESIAN_POINT('',(1.730506339451,9.856099153895,
    -21.89682342137));
#1370 = CARTESIAN_POINT('',(1.783406390093,9.475416439818,
    -21.89848170887));
#1371 = CARTESIAN_POINT('',(1.841329128936,9.102011313944,-21.9000025205
    ));
#1372 = CARTESIAN_POINT('',(1.904330228971,8.736850831766,
    -21.90137831208));
#1373 = CARTESIAN_POINT('',(1.972465363034,8.380902048035,
    -21.90260153939));
#1374 = CARTESIAN_POINT('',(2.045790204097,8.035132018131,
    -21.90366465825));
#1375 = CARTESIAN_POINT('',(2.124360425036,7.700507796996,
    -21.90456012444));
#1376 = CARTESIAN_POINT('',(2.208231698779,7.377996439818,
    -21.90528039377));
#1377 = CARTESIAN_POINT('',(2.492879682421,6.390873165954,
    -21.90699517321));
#1378 = CARTESIAN_POINT('',(2.713993863333,5.775920777996,
    -21.90729588429));
#1379 = CARTESIAN_POINT('',(2.959744298903,5.219890547894,
    -21.90676452786));
#1380 = CARTESIAN_POINT('',(3.229073047097,4.718965185791,-21.9054455765
    ));
#1381 = CARTESIAN_POINT('',(3.520922165816,4.269327401732,
    -21.90338350277));
#1382 = CARTESIAN_POINT('',(3.834233713065,3.867159905911,
    -21.90062277925));
#1383 = CARTESIAN_POINT('',(4.167949746712,3.508645408337,-21.8972078785
    ));
#1384 = CARTESIAN_POINT('',(4.521012324772,3.189966619207,-21.8931832731
    ));
#1385 = CARTESIAN_POINT('',(4.892363505133,2.907306248561,
    -21.88859343562));
#1386 = CARTESIAN_POINT('',(5.280945345771,2.656847006547,
    -21.88348283862));
#1387 = CARTESIAN_POINT('',(5.685699904614,2.434771603252,
    -21.87789595469));
#1388 = CARTESIAN_POINT('',(6.525438574602,2.03975389433,-21.8658585581)
  );
#1389 = CARTESIAN_POINT('',(6.960422685754,1.866811588703,
    -21.85940804543));
#1390 = CARTESIAN_POINT('',(7.407158301528,1.71665960792,-21.85259673972
    ));
#1391 = CARTESIAN_POINT('',(7.862282150513,1.587521728013,-21.8454956623
    ));
#1392 = CARTESIAN_POINT('',(8.322430961023,1.477621724971,
    -21.83817583448));
#1393 = CARTESIAN_POINT('',(8.784241461836,1.385183374852,
    -21.83070827761));
#1394 = CARTESIAN_POINT('',(9.244350381103,1.308430453624,
    -21.82316401298));
#1395 = CARTESIAN_POINT('',(9.699394447668,1.245586737351,
    -21.81561406195));
#1396 = CARTESIAN_POINT('',(10.146010389745,1.194876002012,
    -21.80812944582));
#1397 = CARTESIAN_POINT('',(10.580834936017,1.154522023648,
    -21.80078118594));
#1398 = CARTESIAN_POINT('',(11.000504814884,1.122748578265,
    -21.79364030361));
#1399 = CARTESIAN_POINT('',(11.802808694878,1.072810305499,
    -21.77991533673));
#1400 = CARTESIAN_POINT('',(12.185442695995,1.054645478116,
    -21.77333125218));
#1401 = CARTESIAN_POINT('',(12.554396058067,1.04294452358,
    -21.76694308234));
#1402 = CARTESIAN_POINT('',(12.91450608091,1.037367005736,
    -21.76066834303));
#1403 = CARTESIAN_POINT('',(13.27061006438,1.037572488434,
    -21.75442455007));
#1404 = CARTESIAN_POINT('',(13.627545308265,1.043220535515,
    -21.74812921928));
#1405 = CARTESIAN_POINT('',(13.990149112449,1.053970710832,
    -21.74169986649));
#1406 = CARTESIAN_POINT('',(14.363258776704,1.069482578224,
    -21.7350540075));
#1407 = CARTESIAN_POINT('',(14.751711600907,1.089415701545,
    -21.72810915815));
#1408 = CARTESIAN_POINT('',(15.160344884857,1.113429644636,
    -21.72078283426));
#1409 = CARTESIAN_POINT('',(15.593995928399,1.141183971347,
    -21.71299255164));
#1410 = CARTESIAN_POINT('',(16.521008134313,1.203492519697,
    -21.69631910061));
#1411 = CARTESIAN_POINT('',(17.014369296692,1.238046741338,
    -21.68743593219));
#1412 = CARTESIAN_POINT('',(17.54770921388,1.278152176385,
    -21.67781424402));
#1413 = CARTESIAN_POINT('',(18.131151581357,1.32596009079,
    -21.66726195924));
#1414 = CARTESIAN_POINT('',(18.774820094392,1.383621750476,-21.655587001
    ));
#1415 = CARTESIAN_POINT('',(19.488838448626,1.453288421421,
    -21.64259729247));
#1416 = CARTESIAN_POINT('',(20.283330339177,1.537111369522,
    -21.62810075677));
#1417 = CARTESIAN_POINT('',(21.168419461758,1.637241860772,
    -21.61190531707));
#1418 = CARTESIAN_POINT('',(22.154229511529,1.755831161071,
    -21.5938188965));
#1419 = CARTESIAN_POINT('',(23.250884184073,1.895030536392,
    -21.57364941823));
#1420 = CARTESIAN_POINT('',(24.468507174707,2.056991252662,
    -21.55120480539));
#1421 = CARTESIAN_POINT('',(26.643961626725,2.358414756956,
    -21.51102245493));
#1422 = CARTESIAN_POINT('',(27.519993812564,2.482325186391,
    -21.49477378694));
#1423 = CARTESIAN_POINT('',(28.440952575944,2.613385018124,
    -21.47786299959));
#1424 = CARTESIAN_POINT('',(29.402880714352,2.749378983898,
    -21.46004114624));
#1425 = CARTESIAN_POINT('',(30.401455961329,2.888086322589,
    -21.44146913698));
#1426 = CARTESIAN_POINT('',(31.432210794804,3.027282175126,
    -21.42247905017));
#1427 = CARTESIAN_POINT('',(32.490861242418,3.164741249099,
    -21.40315347838));
#1428 = CARTESIAN_POINT('',(33.573317337728,3.298244547572,
    -21.38328023767));
#1429 = CARTESIAN_POINT('',(34.675405387028,3.425590951352,
    -21.36276555071));
#1430 = CARTESIAN_POINT('',(35.792789692287,3.544616433643,
    -21.34211459437));
#1431 = CARTESIAN_POINT('',(36.922038879479,3.653224680652,
    -21.32211408383));
#1432 = CARTESIAN_POINT('',(38.064239471862,3.749433882214,
    -21.30137734563));
#1433 = ADVANCED_FACE('',(#1434),#1525,.F.);
#1434 = FACE_BOUND('',#1435,.F.);
#1435 = EDGE_LOOP('',(#1436,#1437,#1507,#1524));
#1436 = ORIENTED_EDGE('',*,*,#1082,.T.);
#1437 = ORIENTED_EDGE('',*,*,#1438,.T.);
#1438 = EDGE_CURVE('',#1083,#1439,#1441,.T.);
#1439 = VERTEX_POINT('',#1440);
#1440 = CARTESIAN_POINT('',(39.540101626451,25.083234386463,
    -21.13060919106));
#1441 = B_SPLINE_CURVE_WITH_KNOTS('',10,(#1442,#1443,#1444,#1445,#1446,
    #1447,#1448,#1449,#1450,#1451,#1452,#1453,#1454,#1455,#1456,#1457,
    #1458,#1459,#1460,#1461,#1462,#1463,#1464,#1465,#1466,#1467,#1468,
    #1469,#1470,#1471,#1472,#1473,#1474,#1475,#1476,#1477,#1478,#1479,
    #1480,#1481,#1482,#1483,#1484,#1485,#1486,#1487,#1488,#1489,#1490,
    #1491,#1492,#1493,#1494,#1495,#1496,#1497,#1498,#1499,#1500,#1501,
    #1502,#1503,#1504,#1505,#1506),.UNSPECIFIED.,.F.,.F.,(11,9,9,9,9,9,9
    ,11),(-3.543122829621,-2.708618845629,6.35483059267,15.064402184123,
    23.773973775575,32.483545367027,41.193116958479,49.227826982685),
  .UNSPECIFIED.);
#1442 = CARTESIAN_POINT('',(1.834543481929,3.883087173131,
    -21.93556642895));
#1443 = CARTESIAN_POINT('',(1.821668586894,4.078345588599,
    -21.93446607163));
#1444 = CARTESIAN_POINT('',(1.808793691858,4.273604004066,
    -21.93336571432));
#1445 = CARTESIAN_POINT('',(1.795918796823,4.468862419534,
    -21.93226535701));
#1446 = CARTESIAN_POINT('',(1.783043901787,4.664120835002,-21.9311649997
    ));
#1447 = CARTESIAN_POINT('',(1.770169006752,4.85937925047,-21.93006464239
    ));
#1448 = CARTESIAN_POINT('',(1.757294111716,5.054637665938,
    -21.92896428507));
#1449 = CARTESIAN_POINT('',(1.744419216681,5.249896081405,
    -21.92786392776));
#1450 = CARTESIAN_POINT('',(1.731544321645,5.445154496873,
    -21.92676357045));
#1451 = CARTESIAN_POINT('',(1.71866942661,5.640412912341,-21.92566321314
    ));
#1452 = CARTESIAN_POINT('',(1.565961813676,7.956349970383,
    -21.91261200472));
#1453 = CARTESIAN_POINT('',(1.500129647718,9.88159095141,-21.90068729119
    ));
#1454 = CARTESIAN_POINT('',(1.503065126574,11.625246938738,
    -21.88879599142));
#1455 = CARTESIAN_POINT('',(1.569250894235,13.198666498021,
    -21.87694572051));
#1456 = CARTESIAN_POINT('',(1.692339839703,14.623763245798,
    -21.86511152397));
#1457 = CARTESIAN_POINT('',(1.867520885161,15.911719905559,-21.853290998
    ));
#1458 = CARTESIAN_POINT('',(2.088405698206,17.080353543672,
    -21.84148238493));
#1459 = CARTESIAN_POINT('',(2.349729486668,18.144898990686,
    -21.82967078162));
#1460 = CARTESIAN_POINT('',(2.645655594852,19.121085501597,
    -21.81785302937));
#1461 = CARTESIAN_POINT('',(3.282756578903,20.893019172913,
    -21.79464980522));
#1462 = CARTESIAN_POINT('',(3.621709307132,21.694315515486,
    -21.7832656328));
#1463 = CARTESIAN_POINT('',(3.985671962502,22.431120606745,
    -21.77188107051));
#1464 = CARTESIAN_POINT('',(4.372909590983,23.105973241383,
    -21.76050928799));
#1465 = CARTESIAN_POINT('',(4.781687238557,23.721412214158,
    -21.74916345489));
#1466 = CARTESIAN_POINT('',(5.210269951192,24.279976319754,
    -21.73785674086));
#1467 = CARTESIAN_POINT('',(5.65692277487,24.784204352917,
    -21.72660231557));
#1468 = CARTESIAN_POINT('',(6.119910755563,25.236635108355,
    -21.71541334865));
#1469 = CARTESIAN_POINT('',(6.597498939246,25.639807380791,
    -21.70430300976));
#1470 = CARTESIAN_POINT('',(7.578405804547,26.352712549103,
    -21.68226592734));
#1471 = CARTESIAN_POINT('',(8.081724486161,26.662445444972,
    -21.67133918381));
#1472 = CARTESIAN_POINT('',(8.599600682645,26.929690398693,
    -21.66044583089));
#1473 = CARTESIAN_POINT('',(9.133726659864,27.158679156306,
    -21.64952746148));
#1474 = CARTESIAN_POINT('',(9.685794683755,27.35364346404,
    -21.63852566851));
#1475 = CARTESIAN_POINT('',(10.257497020161,27.518815067859,
    -21.6273820449));
#1476 = CARTESIAN_POINT('',(10.850525935022,27.658425714012,
    -21.61603818356));
#1477 = CARTESIAN_POINT('',(11.466573694198,27.776707148509,
    -21.60443567743));
#1478 = CARTESIAN_POINT('',(12.107332563602,27.877891117515,
    -21.59251611941));
#1479 = CARTESIAN_POINT('',(13.441657054637,28.054527616725,
    -21.56792608544));
#1480 = CARTESIAN_POINT('',(14.135222676271,28.129980146937,
    -21.55525560949));
#1481 = CARTESIAN_POINT('',(14.851976152625,28.190958991789,
    -21.54227696308));
#1482 = CARTESIAN_POINT('',(15.588701962327,28.235856185363,
    -21.52905743469));
#1483 = CARTESIAN_POINT('',(16.34218458396,28.263063761655,
    -21.51566431282));
#1484 = CARTESIAN_POINT('',(17.109208496165,28.270973754773,
    -21.50216488598));
#1485 = CARTESIAN_POINT('',(17.886558177527,28.257978198713,
    -21.48862644264));
#1486 = CARTESIAN_POINT('',(18.671018106672,28.222469127557,
    -21.47511627132));
#1487 = CARTESIAN_POINT('',(19.459372762205,28.16283857534,
    -21.4617016605));
#1488 = CARTESIAN_POINT('',(21.037440483267,27.99211857688,
    -21.43519813687));
#1489 = CARTESIAN_POINT('',(21.827153548803,27.881029130649,
    -21.42210922405));
#1490 = CARTESIAN_POINT('',(22.625054884205,27.747539019171,
    -21.40902891936));
#1491 = CARTESIAN_POINT('',(23.438653554423,27.594977024346,
    -21.3958029819));
#1492 = CARTESIAN_POINT('',(24.275458624244,27.426671927798,
    -21.38227717081));
#1493 = CARTESIAN_POINT('',(25.142979158677,27.245952511543,
    -21.3682972452));
#1494 = CARTESIAN_POINT('',(26.048724222498,27.056147557167,
    -21.3537089642));
#1495 = CARTESIAN_POINT('',(27.000202880672,26.860585846623,
    -21.33835808691));
#1496 = CARTESIAN_POINT('',(28.004924198048,26.662596161623,
    -21.32209037247));
#1497 = CARTESIAN_POINT('',(30.053312051923,26.283689847387,
    -21.28875628468));
#1498 = CARTESIAN_POINT('',(31.087928637244,26.102639028331,
    -21.27184946571));
#1499 = CARTESIAN_POINT('',(32.160196799478,25.925699857468,
    -21.2542546993));
#1500 = CARTESIAN_POINT('',(33.256066342701,25.756217365502,
    -21.23619556166));
#1501 = CARTESIAN_POINT('',(34.361487070836,25.597536583016,
    -21.21789562901));
#1502 = CARTESIAN_POINT('',(35.462408788008,25.453002540755,
    -21.19957847755));
#1503 = CARTESIAN_POINT('',(36.544781298139,25.325960269298,
    -21.18146768351));
#1504 = CARTESIAN_POINT('',(37.594554405309,25.219754799357,
    -21.16378682309));
#1505 = CARTESIAN_POINT('',(38.597677913502,25.13773116156,
    -21.14675947251));
#1506 = CARTESIAN_POINT('',(39.540101626747,25.083234386578,
    -21.13060920797));
#1507 = ORIENTED_EDGE('',*,*,#1508,.F.);
#1508 = EDGE_CURVE('',#324,#1439,#1509,.T.);
#1509 = B_SPLINE_CURVE_WITH_KNOTS('',7,(#1510,#1511,#1512,#1513,#1514,
    #1515,#1516,#1517,#1518,#1519,#1520,#1521,#1522,#1523),
  .UNSPECIFIED.,.F.,.F.,(8,6,8),(0.,0.141703001914,1.),.UNSPECIFIED.);
#1510 = CARTESIAN_POINT('',(39.388353800063,24.082634171921,
    -20.13988871698));
#1511 = CARTESIAN_POINT('',(39.391419842236,24.102888572246,
    -20.15994424008));
#1512 = CARTESIAN_POINT('',(39.394487174232,24.123142956999,
    -20.17999974023));
#1513 = CARTESIAN_POINT('',(39.397555614499,24.143397337362,
    -20.20005522057));
#1514 = CARTESIAN_POINT('',(39.400624997438,24.163651723535,
    -20.22011068395));
#1515 = CARTESIAN_POINT('',(39.403695173405,24.183906124737,
    -20.24016613294));
#1516 = CARTESIAN_POINT('',(39.406766008713,24.204160549205,
    -20.26022156986));
#1517 = CARTESIAN_POINT('',(39.428440757123,24.347096511863,
    -20.40175298857));
#1518 = CARTESIAN_POINT('',(39.44706409075,24.469779133441,
    -20.52322861063));
#1519 = CARTESIAN_POINT('',(39.465680785794,24.59246450938,
    -20.64470432328));
#1520 = CARTESIAN_POINT('',(39.484289583916,24.715152727049,
    -20.76618015064));
#1521 = CARTESIAN_POINT('',(39.502900025484,24.837843274036,
    -20.88765592823));
#1522 = CARTESIAN_POINT('',(39.521502851636,24.960536723176,
    -21.00913181469));
#1523 = CARTESIAN_POINT('',(39.540101516387,25.083232909992,
    -21.13060775058));
#1524 = ORIENTED_EDGE('',*,*,#323,.F.);
#1525 = B_SPLINE_SURFACE_WITH_KNOTS('',1,10,(
    (#1526,#1527,#1528,#1529,#1530,#1531,#1532,#1533,#1534,#1535,#1536
      ,#1537,#1538,#1539,#1540,#1541,#1542,#1543,#1544,#1545,#1546,#1547
      ,#1548,#1549,#1550,#1551,#1552,#1553,#1554,#1555,#1556,#1557,#1558
      ,#1559,#1560,#1561,#1562,#1563,#1564,#1565,#1566,#1567,#1568,#1569
      ,#1570,#1571,#1572,#1573,#1574,#1575,#1576,#1577,#1578,#1579,#1580
      ,#1581,#1582,#1583,#1584,#1585,#1586,#1587,#1588,#1589,#1590)
    ,(#1591,#1592,#1593,#1594,#1595,#1596,#1597,#1598,#1599,#1600,#1601
      ,#1602,#1603,#1604,#1605,#1606,#1607,#1608,#1609,#1610,#1611,#1612
      ,#1613,#1614,#1615,#1616,#1617,#1618,#1619,#1620,#1621,#1622,#1623
      ,#1624,#1625,#1626,#1627,#1628,#1629,#1630,#1631,#1632,#1633,#1634
      ,#1635,#1636,#1637,#1638,#1639,#1640,#1641,#1642,#1643,#1644,#1645
      ,#1646,#1647,#1648,#1649,#1650,#1651,#1652,#1653,#1654,#1655
  )),.UNSPECIFIED.,.F.,.F.,.F.,(2,2),(11,9,9,9,9,9,9,11),(0.,
    51.936445828314),(-3.543122829621,-2.708618845629,6.35483059267,
    15.064402184123,23.773973775575,32.483545367027,41.193116958479,
    49.227826982685),.UNSPECIFIED.);
#1526 = CARTESIAN_POINT('',(2.81227788174,3.941135326876,-20.91785822313
    ));
#1527 = CARTESIAN_POINT('',(2.799385614728,4.138718922388,
    -20.91674222637));
#1528 = CARTESIAN_POINT('',(2.78652693564,4.335787757955,-20.91562913709
    ));
#1529 = CARTESIAN_POINT('',(2.773701844475,4.532341833576,
    -20.91451895529));
#1530 = CARTESIAN_POINT('',(2.760910341233,4.728381149253,
    -20.91341168097));
#1531 = CARTESIAN_POINT('',(2.748152425915,4.923905704984,
    -20.91230731414));
#1532 = CARTESIAN_POINT('',(2.73542809852,5.118915500769,-20.91120585478
    ));
#1533 = CARTESIAN_POINT('',(2.722737359048,5.31341053661,-20.9101073029)
  );
#1534 = CARTESIAN_POINT('',(2.7100802075,5.507390812505,-20.90901165851)
  );
#1535 = CARTESIAN_POINT('',(2.697456643875,5.700856328455,
    -20.90791892159));
#1536 = CARTESIAN_POINT('',(2.54812842559,7.989422509522,-20.89499258307
    ));
#1537 = CARTESIAN_POINT('',(2.483448508233,9.885838995559,
    -20.88324587875));
#1538 = CARTESIAN_POINT('',(2.485953422237,11.596949208851,
    -20.87158005063));
#1539 = CARTESIAN_POINT('',(2.552099348218,13.132658134939,
    -20.85998994583));
#1540 = CARTESIAN_POINT('',(2.672194265058,14.518523310519,
    -20.84847187496));
#1541 = CARTESIAN_POINT('',(2.842413486563,15.760039750013,
    -20.83705556132));
#1542 = CARTESIAN_POINT('',(3.05516293322,16.880752518706,
    -20.82571420801));
#1543 = CARTESIAN_POINT('',(3.304458629052,17.894666152439,
    -20.81445759306));
#1544 = CARTESIAN_POINT('',(3.585427288435,18.821515457635,
    -20.80323710428));
#1545 = CARTESIAN_POINT('',(4.190309027761,20.503839528558,
    -20.78120730534));
#1546 = CARTESIAN_POINT('',(4.51005495323,21.258934275217,
    -20.77047362527));
#1547 = CARTESIAN_POINT('',(4.850941780576,21.947488741633,
    -20.75982129526));
#1548 = CARTESIAN_POINT('',(5.210633275412,22.572442819124,
    -20.74927130096));
#1549 = CARTESIAN_POINT('',(5.586866807803,23.137002077034,
    -20.73884153328));
#1550 = CARTESIAN_POINT('',(5.977619703963,23.644659704763,
    -20.72854372323));
#1551 = CARTESIAN_POINT('',(6.381218151754,24.099135941555,
    -20.71838194425));
#1552 = CARTESIAN_POINT('',(6.796388659956,24.504234993711,
    -20.70835268196));
#1553 = CARTESIAN_POINT('',(7.222252071309,24.863619439417,
    -20.69844647139));
#1554 = CARTESIAN_POINT('',(8.094268187402,25.497384802884,
    -20.67885573174));
#1555 = CARTESIAN_POINT('',(8.539746602993,25.771264717326,
    -20.66918642558));
#1556 = CARTESIAN_POINT('',(8.998142661999,26.008008167843,
    -20.65954290907));
#1557 = CARTESIAN_POINT('',(9.474135465886,26.212913722855,
    -20.64980717088));
#1558 = CARTESIAN_POINT('',(9.972193218666,26.390093814925,
    -20.63987295295));
#1559 = CARTESIAN_POINT('',(10.495885561783,26.542687552533,
    -20.62965635958));
#1560 = CARTESIAN_POINT('',(11.047754478065,26.673491690412,
    -20.61909383492));
#1561 = CARTESIAN_POINT('',(11.629547284256,26.785596699731,
    -20.60813375845));
#1562 = CARTESIAN_POINT('',(12.242615233393,26.882614884336,
    -20.59672790821));
#1563 = CARTESIAN_POINT('',(13.533947260098,27.053560085482,
    -20.57293017489));
#1564 = CARTESIAN_POINT('',(14.206123698313,27.126703829223,
    -20.56065032634));
#1565 = CARTESIAN_POINT('',(14.901310751872,27.185869430735,
    -20.54806204854));
#1566 = CARTESIAN_POINT('',(15.616044468149,27.229435844204,
    -20.53523707373));
#1567 = CARTESIAN_POINT('',(16.346888849391,27.255812164936,
    -20.52224643943));
#1568 = CARTESIAN_POINT('',(17.090427950791,27.263439531334,
    -20.50916061396));
#1569 = CARTESIAN_POINT('',(17.843257978445,27.250793026294,
    -20.49604962213));
#1570 = CARTESIAN_POINT('',(18.601979387417,27.216383579206,
    -20.48298317075));
#1571 = CARTESIAN_POINT('',(19.363188979736,27.158759867461,
    -20.47003077432));
#1572 = CARTESIAN_POINT('',(20.883755025095,26.994260569075,
    -20.44449298682));
#1573 = CARTESIAN_POINT('',(21.649174292432,26.886750789303,
    -20.43180562388));
#1574 = CARTESIAN_POINT('',(22.428060807868,26.756686192106,
    -20.41903537714));
#1575 = CARTESIAN_POINT('',(23.228165656047,26.606890938968,
    -20.40602719058));
#1576 = CARTESIAN_POINT('',(24.056816968332,26.440378818341,
    -20.39263213449));
#1577 = CARTESIAN_POINT('',(24.921058872483,26.260379631095,
    -20.37870479048));
#1578 = CARTESIAN_POINT('',(25.827772424773,26.070321180582,
    -20.36410125391));
#1579 = CARTESIAN_POINT('',(26.7837785266,25.873766869966,
    -20.34867775366));
#1580 = CARTESIAN_POINT('',(27.795922823616,25.674308904234,
    -20.3322898892));
#1581 = CARTESIAN_POINT('',(29.863048899742,25.291936434544,
    -20.29865086816));
#1582 = CARTESIAN_POINT('',(30.906369304682,25.109381757134,
    -20.28160168807));
#1583 = CARTESIAN_POINT('',(31.987393992698,24.930987028962,
    -20.26386330855));
#1584 = CARTESIAN_POINT('',(33.092451879217,24.760062898935,
    -20.24565289363));
#1585 = CARTESIAN_POINT('',(34.207831442021,24.599938696661,
    -20.22718818931));
#1586 = CARTESIAN_POINT('',(35.319787911245,24.453934388141,
    -20.20868758802));
#1587 = CARTESIAN_POINT('',(36.414636811817,24.325362491946,
    -20.19036847581));
#1588 = CARTESIAN_POINT('',(37.478933860232,24.2175599572,
    -20.17244386232));
#1589 = CARTESIAN_POINT('',(38.499741213909,24.133950002112,
    -20.15511729349));
#1590 = CARTESIAN_POINT('',(39.464980074445,24.078133914032,
    -20.138576047));
#1591 = CARTESIAN_POINT('',(1.834543481929,3.883087173131,
    -21.93556642895));
#1592 = CARTESIAN_POINT('',(1.821668586894,4.078345588599,
    -21.93446607163));
#1593 = CARTESIAN_POINT('',(1.808793691858,4.273604004066,
    -21.93336571432));
#1594 = CARTESIAN_POINT('',(1.795918796823,4.468862419534,
    -21.93226535701));
#1595 = CARTESIAN_POINT('',(1.783043901787,4.664120835002,-21.9311649997
    ));
#1596 = CARTESIAN_POINT('',(1.770169006752,4.85937925047,-21.93006464239
    ));
#1597 = CARTESIAN_POINT('',(1.757294111716,5.054637665938,
    -21.92896428507));
#1598 = CARTESIAN_POINT('',(1.744419216681,5.249896081405,
    -21.92786392776));
#1599 = CARTESIAN_POINT('',(1.731544321645,5.445154496873,
    -21.92676357045));
#1600 = CARTESIAN_POINT('',(1.71866942661,5.640412912341,-21.92566321314
    ));
#1601 = CARTESIAN_POINT('',(1.565961813676,7.956349970383,
    -21.91261200472));
#1602 = CARTESIAN_POINT('',(1.500129647718,9.88159095141,-21.90068729119
    ));
#1603 = CARTESIAN_POINT('',(1.503065126574,11.625246938738,
    -21.88879599142));
#1604 = CARTESIAN_POINT('',(1.569250894235,13.198666498021,
    -21.87694572051));
#1605 = CARTESIAN_POINT('',(1.692339839703,14.623763245798,
    -21.86511152397));
#1606 = CARTESIAN_POINT('',(1.867520885161,15.911719905559,-21.853290998
    ));
#1607 = CARTESIAN_POINT('',(2.088405698206,17.080353543672,
    -21.84148238493));
#1608 = CARTESIAN_POINT('',(2.349729486668,18.144898990686,
    -21.82967078162));
#1609 = CARTESIAN_POINT('',(2.645655594852,19.121085501597,
    -21.81785302937));
#1610 = CARTESIAN_POINT('',(3.282756578903,20.893019172913,
    -21.79464980522));
#1611 = CARTESIAN_POINT('',(3.621709307132,21.694315515486,
    -21.7832656328));
#1612 = CARTESIAN_POINT('',(3.985671962502,22.431120606745,
    -21.77188107051));
#1613 = CARTESIAN_POINT('',(4.372909590983,23.105973241383,
    -21.76050928799));
#1614 = CARTESIAN_POINT('',(4.781687238557,23.721412214158,
    -21.74916345489));
#1615 = CARTESIAN_POINT('',(5.210269951192,24.279976319754,
    -21.73785674086));
#1616 = CARTESIAN_POINT('',(5.65692277487,24.784204352917,
    -21.72660231557));
#1617 = CARTESIAN_POINT('',(6.119910755563,25.236635108355,
    -21.71541334865));
#1618 = CARTESIAN_POINT('',(6.597498939246,25.639807380791,
    -21.70430300976));
#1619 = CARTESIAN_POINT('',(7.578405804547,26.352712549103,
    -21.68226592734));
#1620 = CARTESIAN_POINT('',(8.081724486161,26.662445444972,
    -21.67133918381));
#1621 = CARTESIAN_POINT('',(8.599600682645,26.929690398693,
    -21.66044583089));
#1622 = CARTESIAN_POINT('',(9.133726659864,27.158679156306,
    -21.64952746148));
#1623 = CARTESIAN_POINT('',(9.685794683755,27.35364346404,
    -21.63852566851));
#1624 = CARTESIAN_POINT('',(10.257497020161,27.518815067859,
    -21.6273820449));
#1625 = CARTESIAN_POINT('',(10.850525935022,27.658425714012,
    -21.61603818356));
#1626 = CARTESIAN_POINT('',(11.466573694198,27.776707148509,
    -21.60443567743));
#1627 = CARTESIAN_POINT('',(12.107332563602,27.877891117515,
    -21.59251611941));
#1628 = CARTESIAN_POINT('',(13.441657054637,28.054527616725,
    -21.56792608544));
#1629 = CARTESIAN_POINT('',(14.135222676271,28.129980146937,
    -21.55525560949));
#1630 = CARTESIAN_POINT('',(14.851976152625,28.190958991789,
    -21.54227696308));
#1631 = CARTESIAN_POINT('',(15.588701962327,28.235856185363,
    -21.52905743469));
#1632 = CARTESIAN_POINT('',(16.34218458396,28.263063761655,
    -21.51566431282));
#1633 = CARTESIAN_POINT('',(17.109208496165,28.270973754773,
    -21.50216488598));
#1634 = CARTESIAN_POINT('',(17.886558177527,28.257978198713,
    -21.48862644264));
#1635 = CARTESIAN_POINT('',(18.671018106672,28.222469127557,
    -21.47511627132));
#1636 = CARTESIAN_POINT('',(19.459372762205,28.16283857534,
    -21.4617016605));
#1637 = CARTESIAN_POINT('',(21.037440483267,27.99211857688,
    -21.43519813687));
#1638 = CARTESIAN_POINT('',(21.827153548803,27.881029130649,
    -21.42210922405));
#1639 = CARTESIAN_POINT('',(22.625054884205,27.747539019171,
    -21.40902891936));
#1640 = CARTESIAN_POINT('',(23.438653554423,27.594977024346,
    -21.3958029819));
#1641 = CARTESIAN_POINT('',(24.275458624244,27.426671927798,
    -21.38227717081));
#1642 = CARTESIAN_POINT('',(25.142979158677,27.245952511543,
    -21.3682972452));
#1643 = CARTESIAN_POINT('',(26.048724222498,27.056147557167,
    -21.3537089642));
#1644 = CARTESIAN_POINT('',(27.000202880672,26.860585846623,
    -21.33835808691));
#1645 = CARTESIAN_POINT('',(28.004924198048,26.662596161623,
    -21.32209037247));
#1646 = CARTESIAN_POINT('',(30.053312051923,26.283689847387,
    -21.28875628468));
#1647 = CARTESIAN_POINT('',(31.087928637244,26.102639028331,
    -21.27184946571));
#1648 = CARTESIAN_POINT('',(32.160196799478,25.925699857468,
    -21.2542546993));
#1649 = CARTESIAN_POINT('',(33.256066342701,25.756217365502,
    -21.23619556166));
#1650 = CARTESIAN_POINT('',(34.361487070836,25.597536583016,
    -21.21789562901));
#1651 = CARTESIAN_POINT('',(35.462408788008,25.453002540755,
    -21.19957847755));
#1652 = CARTESIAN_POINT('',(36.544781298139,25.325960269298,
    -21.18146768351));
#1653 = CARTESIAN_POINT('',(37.594554405309,25.219754799357,
    -21.16378682309));
#1654 = CARTESIAN_POINT('',(38.597677913502,25.13773116156,
    -21.14675947251));
#1655 = CARTESIAN_POINT('',(39.540101626747,25.083234386578,
    -21.13060920797));
#1656 = ADVANCED_FACE('',(#1657),#1677,.F.);
#1657 = FACE_BOUND('',#1658,.F.);
#1658 = EDGE_LOOP('',(#1659,#1660,#1671,#1676));
#1659 = ORIENTED_EDGE('',*,*,#1508,.T.);
#1660 = ORIENTED_EDGE('',*,*,#1661,.T.);
#1661 = EDGE_CURVE('',#1439,#1662,#1664,.T.);
#1662 = VERTEX_POINT('',#1663);
#1663 = CARTESIAN_POINT('',(39.630856101585,25.064183845592,
    -21.12914768391));
#1664 = B_SPLINE_CURVE_WITH_KNOTS('',5,(#1665,#1666,#1667,#1668,#1669,
    #1670),.UNSPECIFIED.,.F.,.F.,(6,6),(5.582987993846E-05,
    0.100564750067),.PIECEWISE_BEZIER_KNOTS.);
#1665 = CARTESIAN_POINT('',(39.540101626451,25.083234386463,
    -21.13060919106));
#1666 = CARTESIAN_POINT('',(39.558235341401,25.079398752777,
    -21.13031736237));
#1667 = CARTESIAN_POINT('',(39.576375566861,25.075576244951,
    -21.13002533053));
#1668 = CARTESIAN_POINT('',(39.594525158126,25.07176634941,
    -21.1297330474));
#1669 = CARTESIAN_POINT('',(39.61267569009,25.067970853078,
    -21.12944064984));
#1670 = CARTESIAN_POINT('',(39.630856101585,25.064183845592,
    -21.12914768391));
#1671 = ORIENTED_EDGE('',*,*,#1672,.F.);
#1672 = EDGE_CURVE('',#394,#1662,#1673,.T.);
#1673 = B_SPLINE_CURVE_WITH_KNOTS('',1,(#1674,#1675),.UNSPECIFIED.,.F.,
  .F.,(2,2),(0.,0.100508920187),.PIECEWISE_BEZIER_KNOTS.);
#1674 = CARTESIAN_POINT('',(39.412346641214,24.077663333252,
    -20.13950189169));
#1675 = CARTESIAN_POINT('',(39.630856101585,25.064183845592,
    -21.12914768391));
#1676 = ORIENTED_EDGE('',*,*,#393,.F.);
#1677 = B_SPLINE_SURFACE_WITH_KNOTS('',1,5,(
    (#1678,#1679,#1680,#1681,#1682,#1683)
    ,(#1684,#1685,#1686,#1687,#1688,#1689
    )),.UNSPECIFIED.,.F.,.F.,.F.,(2,2),(6,6),(0.,0.100508920187),(
    5.582987993846E-05,0.100564750067),.PIECEWISE_BEZIER_KNOTS.);
#1678 = CARTESIAN_POINT('',(39.31524932654,24.098037588897,
    -20.14106559622));
#1679 = CARTESIAN_POINT('',(39.333957529974,24.094070129979,
    -20.14076459407));
#1680 = CARTESIAN_POINT('',(39.352679486637,24.090110668003,
    -20.14046329651));
#1681 = CARTESIAN_POINT('',(39.371385842633,24.086186098531,
    -20.14016203544));
#1682 = CARTESIAN_POINT('',(39.390136847176,24.08222319819,
    -20.13986025204));
#1683 = CARTESIAN_POINT('',(39.412346641214,24.077663333252,
    -20.13950189169));
#1684 = CARTESIAN_POINT('',(39.540101626451,25.083234386463,
    -21.13060919106));
#1685 = CARTESIAN_POINT('',(39.558235341401,25.079398752777,
    -21.13031736237));
#1686 = CARTESIAN_POINT('',(39.576375566861,25.075576244951,
    -21.13002533053));
#1687 = CARTESIAN_POINT('',(39.594525158126,25.07176634941,
    -21.1297330474));
#1688 = CARTESIAN_POINT('',(39.61267569009,25.067970853078,
    -21.12944064984));
#1689 = CARTESIAN_POINT('',(39.630856101585,25.064183845592,
    -21.12914768391));
#1690 = ADVANCED_FACE('',(#1691),#1757,.F.);
#1691 = FACE_BOUND('',#1692,.F.);
#1692 = EDGE_LOOP('',(#1693,#1694,#1737,#1756));
#1693 = ORIENTED_EDGE('',*,*,#1672,.T.);
#1694 = ORIENTED_EDGE('',*,*,#1695,.T.);
#1695 = EDGE_CURVE('',#1662,#1696,#1698,.T.);
#1696 = VERTEX_POINT('',#1697);
#1697 = CARTESIAN_POINT('',(43.379675034625,26.193340742526,
    -21.05576274436));
#1698 = B_SPLINE_CURVE_WITH_KNOTS('',13,(#1699,#1700,#1701,#1702,#1703,
    #1704,#1705,#1706,#1707,#1708,#1709,#1710,#1711,#1712,#1713,#1714,
    #1715,#1716,#1717,#1718,#1719,#1720,#1721,#1722,#1723,#1724,#1725,
    #1726,#1727,#1728,#1729,#1730,#1731,#1732,#1733,#1734,#1735,#1736),
  .UNSPECIFIED.,.F.,.F.,(14,12,12,14),(0.100564750067,3.748688573739,
    5.651242459106,5.856316993948),.UNSPECIFIED.);
#1699 = CARTESIAN_POINT('',(39.630856101585,25.064183845592,
    -21.12914768391));
#1700 = CARTESIAN_POINT('',(39.884658267663,25.011316466694,
    -21.12505782104));
#1701 = CARTESIAN_POINT('',(40.146788060651,24.974860516797,
    -21.12070972621));
#1702 = CARTESIAN_POINT('',(40.416055515951,24.956139850597,
    -21.11611868198));
#1703 = CARTESIAN_POINT('',(40.691607905897,24.956440956353,
    -21.11128200885));
#1704 = CARTESIAN_POINT('',(40.969365245648,24.97723668373,
    -21.1062786017));
#1705 = CARTESIAN_POINT('',(41.249901605118,25.018684916769,
    -21.10107104596));
#1706 = CARTESIAN_POINT('',(41.528316198114,25.081992956301,
    -21.09576826951));
#1707 = CARTESIAN_POINT('',(41.804276673455,25.166745068366,
    -21.09034964934));
#1708 = CARTESIAN_POINT('',(42.074151132496,25.273114770031,
    -21.08489924896));
#1709 = CARTESIAN_POINT('',(42.336161653834,25.400321978664,
    -21.07944120284));
#1710 = CARTESIAN_POINT('',(42.587927369647,25.547560616309,
    -21.07402803865));
#1711 = CARTESIAN_POINT('',(42.827441734662,25.713593860532,
    -21.06870168732));
#1712 = CARTESIAN_POINT('',(43.170444812072,25.992564004703,
    -21.06079417047));
#1713 = CARTESIAN_POINT('',(43.284176445101,26.092874901742,
    -21.05812070893));
#1714 = CARTESIAN_POINT('',(43.39385597437,26.19774281913,-21.0554840145
    ));
#1715 = CARTESIAN_POINT('',(43.499174448244,26.306860606469,
    -21.05289500675));
#1716 = CARTESIAN_POINT('',(43.599873035191,26.419911895282,
    -21.05036283126));
#1717 = CARTESIAN_POINT('',(43.695806447429,26.536666144351,
    -21.04789054901));
#1718 = CARTESIAN_POINT('',(43.786946188006,26.657020737599,
    -21.0454764025));
#1719 = CARTESIAN_POINT('',(43.873343221821,26.781006127644,
    -21.04311769564));
#1720 = CARTESIAN_POINT('',(43.955069796119,26.908770094912,
    -21.0408143241));
#1721 = CARTESIAN_POINT('',(44.032159990211,27.040557104187,
    -21.03856899328));
#1722 = CARTESIAN_POINT('',(44.104568719537,27.17669882677,
    -21.03638116048));
#1723 = CARTESIAN_POINT('',(44.172168794944,27.317631823918,
    -21.03423173849));
#1724 = CARTESIAN_POINT('',(44.24155730648,27.479730850751,
    -21.03182103293));
#1725 = CARTESIAN_POINT('',(44.248479866301,27.495902695129,
    -21.03158052837));
#1726 = CARTESIAN_POINT('',(44.255573408392,27.512473972482,
    -21.03133408352));
#1727 = CARTESIAN_POINT('',(44.262837932753,27.529444682811,
    -21.03108169838));
#1728 = CARTESIAN_POINT('',(44.270273439385,27.546814826116,
    -21.03082337295));
#1729 = CARTESIAN_POINT('',(44.277879928288,27.564584402397,
    -21.03055910723));
#1730 = CARTESIAN_POINT('',(44.285657399461,27.582753411653,
    -21.03028890122));
#1731 = CARTESIAN_POINT('',(44.293605852904,27.601321853884,
    -21.03001275492));
#1732 = CARTESIAN_POINT('',(44.301725288618,27.620289729091,
    -21.02973066832));
#1733 = CARTESIAN_POINT('',(44.310015706602,27.639657037274,
    -21.02944264144));
#1734 = CARTESIAN_POINT('',(44.318477106856,27.659423778433,
    -21.02914867427));
#1735 = CARTESIAN_POINT('',(44.327109489381,27.679589952567,
    -21.0288487668));
#1736 = CARTESIAN_POINT('',(44.335912854176,27.700155559677,
    -21.02854291905));
#1737 = ORIENTED_EDGE('',*,*,#1738,.F.);
#1738 = EDGE_CURVE('',#405,#1696,#1739,.T.);
#1739 = B_SPLINE_CURVE_WITH_KNOTS('',8,(#1740,#1741,#1742,#1743,#1744,
    #1745,#1746,#1747,#1748,#1749,#1750,#1751,#1752,#1753,#1754,#1755),
  .UNSPECIFIED.,.F.,.F.,(9,7,9),(0.,0.945282240594,1.),.UNSPECIFIED.);
#1740 = CARTESIAN_POINT('',(43.989563521316,25.400864639236,
    -20.05027740855));
#1741 = CARTESIAN_POINT('',(43.917823164741,25.495143894685,
    -20.16944142599));
#1742 = CARTESIAN_POINT('',(43.845950425312,25.589336719722,
    -20.28860694294));
#1743 = CARTESIAN_POINT('',(43.77393908501,25.683438995154,
    -20.40777397989));
#1744 = CARTESIAN_POINT('',(43.701782416714,25.777446241656,
    -20.5269425398));
#1745 = CARTESIAN_POINT('',(43.629473039248,25.871353522468,
    -20.64611260756));
#1746 = CARTESIAN_POINT('',(43.557002772417,25.965155346086,
    -20.76528414935));
#1747 = CARTESIAN_POINT('',(43.484362492055,26.058845568953,
    -20.88445711207));
#1748 = CARTESIAN_POINT('',(43.407326762545,26.157833707295,
    -21.01052983992));
#1749 = CARTESIAN_POINT('',(43.40343448329,26.162833972959,
    -21.01689876095));
#1750 = CARTESIAN_POINT('',(43.399537632264,26.167839251012,
    -21.02327444081));
#1751 = CARTESIAN_POINT('',(43.395468527981,26.173064776677,
    -21.02993110602));
#1752 = CARTESIAN_POINT('',(43.391215058576,26.178525891495,
    -21.03688839223));
#1753 = CARTESIAN_POINT('',(43.386930591785,26.184025318852,
    -21.04389513409));
#1754 = CARTESIAN_POINT('',(43.382924648471,26.189166086639,
    -21.05044541548));
#1755 = CARTESIAN_POINT('',(43.37967240902,26.193339061348,
    -21.0557628018));
#1756 = ORIENTED_EDGE('',*,*,#404,.F.);
#1757 = B_SPLINE_SURFACE_WITH_KNOTS('',1,13,(
    (#1758,#1759,#1760,#1761,#1762,#1763,#1764,#1765,#1766,#1767,#1768
      ,#1769,#1770,#1771,#1772,#1773,#1774,#1775,#1776,#1777,#1778,#1779
      ,#1780,#1781,#1782,#1783,#1784,#1785,#1786,#1787,#1788,#1789,#1790
      ,#1791,#1792,#1793,#1794,#1795)
    ,(#1796,#1797,#1798,#1799,#1800,#1801,#1802,#1803,#1804,#1805,#1806
      ,#1807,#1808,#1809,#1810,#1811,#1812,#1813,#1814,#1815,#1816,#1817
      ,#1818,#1819,#1820,#1821,#1822,#1823,#1824,#1825,#1826,#1827,#1828
      ,#1829,#1830,#1831,#1832,#1833
    )),.UNSPECIFIED.,.F.,.F.,.F.,(2,2),(14,12,12,14),(0.,5.550677709039)
  ,(0.100564750067,3.748688573739,5.651242459106,5.856316993948),
  .UNSPECIFIED.);
#1758 = CARTESIAN_POINT('',(39.412346641214,24.077663333253,
    -20.13950189169));
#1759 = CARTESIAN_POINT('',(39.722399790265,24.014006710386,
    -20.13449910976));
#1760 = CARTESIAN_POINT('',(40.051209342131,23.966574748543,
    -20.12905733521));
#1761 = CARTESIAN_POINT('',(40.388618360337,23.943189643868,
    -20.12330148751));
#1762 = CARTESIAN_POINT('',(40.728240922669,23.94691419102,
    -20.11732270738));
#1763 = CARTESIAN_POINT('',(41.070954829155,23.966941766022,
    -20.11117900618));
#1764 = CARTESIAN_POINT('',(41.43075550225,24.024842512416,
    -20.10447854319));
#1765 = CARTESIAN_POINT('',(41.76221952019,24.098545891827,
    -20.09816748136));
#1766 = CARTESIAN_POINT('',(42.118332930231,24.207021922276,
    -20.09118814597));
#1767 = CARTESIAN_POINT('',(42.446385629484,24.337951559188,
    -20.08454820089));
#1768 = CARTESIAN_POINT('',(42.77539907283,24.496626621667,
    -20.07770296639));
#1769 = CARTESIAN_POINT('',(43.087783313449,24.679686422177,
    -20.07098361494));
#1770 = CARTESIAN_POINT('',(43.385817829643,24.886229143943,
    -20.06435631311));
#1771 = CARTESIAN_POINT('',(43.812478509474,25.233241905235,
    -20.05452015555));
#1772 = CARTESIAN_POINT('',(43.953952320571,25.358046985934,
    -20.05119248128));
#1773 = CARTESIAN_POINT('',(44.090345549899,25.488435203596,
    -20.04791594726));
#1774 = CARTESIAN_POINT('',(44.22136477257,25.624131725835,
    -20.04469756379));
#1775 = CARTESIAN_POINT('',(44.34671496339,25.764843885913,
    -20.0415444904));
#1776 = CARTESIAN_POINT('',(44.466111677338,25.910238918007,
    -20.03846397347));
#1777 = CARTESIAN_POINT('',(44.579315506997,26.059926991128,
    -20.03546285748));
#1778 = CARTESIAN_POINT('',(44.686178767913,26.213454420129,
    -20.03254681276));
#1779 = CARTESIAN_POINT('',(44.786694454534,26.370312012024,
    -20.02971942055));
#1780 = CARTESIAN_POINT('',(44.881037404692,26.529963412447,
    -20.02698125895));
#1781 = CARTESIAN_POINT('',(44.96958771262,26.691898410592,
    -20.02432913037));
#1782 = CARTESIAN_POINT('',(45.052926345391,26.855716080746,
    -20.02175557374));
#1783 = CARTESIAN_POINT('',(45.140293940259,27.03908465928,
    -20.01897860018));
#1784 = CARTESIAN_POINT('',(45.148794902149,27.056926621168,
    -20.01870839764));
#1785 = CARTESIAN_POINT('',(45.157295864038,27.074768583056,
    -20.01843819509));
#1786 = CARTESIAN_POINT('',(45.165796825928,27.092610544944,
    -20.01816799255));
#1787 = CARTESIAN_POINT('',(45.174297787818,27.110452506832,
    -20.01789779001));
#1788 = CARTESIAN_POINT('',(45.182798749707,27.12829446872,
    -20.01762758746));
#1789 = CARTESIAN_POINT('',(45.191299711597,27.146136430608,
    -20.01735738492));
#1790 = CARTESIAN_POINT('',(45.199800673487,27.163978392496,
    -20.01708718237));
#1791 = CARTESIAN_POINT('',(45.208301635376,27.181820354384,
    -20.01681697983));
#1792 = CARTESIAN_POINT('',(45.216802597266,27.199662316272,
    -20.01654677729));
#1793 = CARTESIAN_POINT('',(45.225303559156,27.21750427816,
    -20.01627657474));
#1794 = CARTESIAN_POINT('',(45.233804521046,27.235346240048,
    -20.0160063722));
#1795 = CARTESIAN_POINT('',(45.242305482935,27.253188201936,
    -20.01573616965));
#1796 = CARTESIAN_POINT('',(39.630856101585,25.064183845592,
    -21.12914768391));
#1797 = CARTESIAN_POINT('',(39.884658267663,25.011316466694,
    -21.12505782104));
#1798 = CARTESIAN_POINT('',(40.146788060651,24.974860516797,
    -21.12070972621));
#1799 = CARTESIAN_POINT('',(40.416055515951,24.956139850597,
    -21.11611868198));
#1800 = CARTESIAN_POINT('',(40.691607905897,24.956440956353,
    -21.11128200885));
#1801 = CARTESIAN_POINT('',(40.969365245648,24.97723668373,
    -21.1062786017));
#1802 = CARTESIAN_POINT('',(41.249901605118,25.018684916769,
    -21.10107104596));
#1803 = CARTESIAN_POINT('',(41.528316198114,25.081992956301,
    -21.09576826951));
#1804 = CARTESIAN_POINT('',(41.804276673455,25.166745068366,
    -21.09034964934));
#1805 = CARTESIAN_POINT('',(42.074151132496,25.273114770031,
    -21.08489924896));
#1806 = CARTESIAN_POINT('',(42.336161653834,25.400321978664,
    -21.07944120284));
#1807 = CARTESIAN_POINT('',(42.587927369647,25.547560616309,
    -21.07402803865));
#1808 = CARTESIAN_POINT('',(42.827441734662,25.713593860532,
    -21.06870168732));
#1809 = CARTESIAN_POINT('',(43.170444812072,25.992564004703,
    -21.06079417047));
#1810 = CARTESIAN_POINT('',(43.284176445101,26.092874901742,
    -21.05812070893));
#1811 = CARTESIAN_POINT('',(43.39385597437,26.19774281913,-21.0554840145
    ));
#1812 = CARTESIAN_POINT('',(43.499174448244,26.306860606469,
    -21.05289500675));
#1813 = CARTESIAN_POINT('',(43.599873035191,26.419911895282,
    -21.05036283126));
#1814 = CARTESIAN_POINT('',(43.695806447429,26.536666144351,
    -21.04789054901));
#1815 = CARTESIAN_POINT('',(43.786946188006,26.657020737599,
    -21.0454764025));
#1816 = CARTESIAN_POINT('',(43.873343221821,26.781006127644,
    -21.04311769564));
#1817 = CARTESIAN_POINT('',(43.955069796119,26.908770094912,
    -21.0408143241));
#1818 = CARTESIAN_POINT('',(44.032159990211,27.040557104187,
    -21.03856899328));
#1819 = CARTESIAN_POINT('',(44.104568719537,27.17669882677,
    -21.03638116048));
#1820 = CARTESIAN_POINT('',(44.172168794944,27.317631823918,
    -21.03423173849));
#1821 = CARTESIAN_POINT('',(44.24155730648,27.479730850751,
    -21.03182103293));
#1822 = CARTESIAN_POINT('',(44.248479866301,27.495902695129,
    -21.03158052837));
#1823 = CARTESIAN_POINT('',(44.255573408392,27.512473972482,
    -21.03133408352));
#1824 = CARTESIAN_POINT('',(44.262837932753,27.529444682811,
    -21.03108169838));
#1825 = CARTESIAN_POINT('',(44.270273439385,27.546814826116,
    -21.03082337295));
#1826 = CARTESIAN_POINT('',(44.277879928288,27.564584402397,
    -21.03055910723));
#1827 = CARTESIAN_POINT('',(44.285657399461,27.582753411653,
    -21.03028890122));
#1828 = CARTESIAN_POINT('',(44.293605852904,27.601321853884,
    -21.03001275492));
#1829 = CARTESIAN_POINT('',(44.301725288618,27.620289729091,
    -21.02973066832));
#1830 = CARTESIAN_POINT('',(44.310015706602,27.639657037274,
    -21.02944264144));
#1831 = CARTESIAN_POINT('',(44.318477106856,27.659423778433,
    -21.02914867427));
#1832 = CARTESIAN_POINT('',(44.327109489381,27.679589952567,
    -21.0288487668));
#1833 = CARTESIAN_POINT('',(44.335912854176,27.700155559677,
    -21.02854291905));
#1834 = ADVANCED_FACE('',(#1835),#1845,.F.);
#1835 = FACE_BOUND('',#1836,.F.);
#1836 = EDGE_LOOP('',(#1837,#1838,#1843,#1844));
#1837 = ORIENTED_EDGE('',*,*,#1738,.T.);
#1838 = ORIENTED_EDGE('',*,*,#1839,.T.);
#1839 = EDGE_CURVE('',#1696,#621,#1840,.T.);
#1840 = B_SPLINE_CURVE_WITH_KNOTS('',1,(#1841,#1842),.UNSPECIFIED.,.F.,
  .F.,(2,2),(-0.805084154084,2.353322911938),.PIECEWISE_BEZIER_KNOTS.);
#1841 = CARTESIAN_POINT('',(42.70178340171,25.759286068384,
    -21.07059409767));
#1842 = CARTESIAN_POINT('',(45.361204423139,27.462115943858,
    -21.01240955776));
#1843 = ORIENTED_EDGE('',*,*,#630,.F.);
#1844 = ORIENTED_EDGE('',*,*,#447,.F.);
#1845 = B_SPLINE_SURFACE_WITH_KNOTS('',1,1,(
    (#1846,#1847)
    ,(#1848,#1849
    )),.UNSPECIFIED.,.F.,.F.,.F.,(2,2),(2,2),(0.,3.158407066023),(
    -0.805084154084,2.353322911938),.PIECEWISE_BEZIER_KNOTS.);
#1846 = CARTESIAN_POINT('',(43.223428640747,24.910307727502,
    -20.06703940493));
#1847 = CARTESIAN_POINT('',(45.882849662175,26.613137602975,
    -20.00885486503));
#1848 = CARTESIAN_POINT('',(42.70178340171,25.759286068384,
    -21.07059409767));
#1849 = CARTESIAN_POINT('',(45.361204423139,27.462115943858,
    -21.01240955776));
#1850 = ADVANCED_FACE('',(#1851),#1870,.F.);
#1851 = FACE_BOUND('',#1852,.T.);
#1852 = EDGE_LOOP('',(#1853,#1861,#1868,#1869));
#1853 = ORIENTED_EDGE('',*,*,#1854,.T.);
#1854 = EDGE_CURVE('',#513,#1855,#1857,.T.);
#1855 = VERTEX_POINT('',#1856);
#1856 = CARTESIAN_POINT('',(78.097023824676,4.040186543277,
    -22.59799626111));
#1857 = LINE('',#1858,#1859);
#1858 = CARTESIAN_POINT('',(78.0444440042,4.019814042809,-19.59852625397
    ));
#1859 = VECTOR('',#1860,1.);
#1860 = DIRECTION('',(1.752660682543E-02,6.790833489229E-03,
    -0.999823335712));
#1861 = ORIENTED_EDGE('',*,*,#1862,.T.);
#1862 = EDGE_CURVE('',#1855,#1855,#1863,.T.);
#1863 = CIRCLE('',#1864,3.);
#1864 = AXIS2_PLACEMENT_3D('',#1865,#1866,#1867);
#1865 = CARTESIAN_POINT('',(75.097484638301,4.040365089451,
    -22.65057608158));
#1866 = DIRECTION('',(1.752660682543E-02,6.790833489229E-03,
    -0.999823335712));
#1867 = DIRECTION('',(0.999846395458,-5.951539141349E-05,
    1.752660682543E-02));
#1868 = ORIENTED_EDGE('',*,*,#1854,.F.);
#1869 = ORIENTED_EDGE('',*,*,#512,.F.);
#1870 = CYLINDRICAL_SURFACE('',#1871,3.);
#1871 = AXIS2_PLACEMENT_3D('',#1872,#1873,#1874);
#1872 = CARTESIAN_POINT('',(75.044904817825,4.019992588983,
    -19.65110607445));
#1873 = DIRECTION('',(-1.752660682543E-02,-6.790833489229E-03,
    0.999823335712));
#1874 = DIRECTION('',(0.999846395458,-5.951539141349E-05,
    1.752660682543E-02));
#1875 = ADVANCED_FACE('',(#1876),#1895,.F.);
#1876 = FACE_BOUND('',#1877,.T.);
#1877 = EDGE_LOOP('',(#1878,#1886,#1893,#1894));
#1878 = ORIENTED_EDGE('',*,*,#1879,.T.);
#1879 = EDGE_CURVE('',#524,#1880,#1882,.T.);
#1880 = VERTEX_POINT('',#1881);
#1881 = CARTESIAN_POINT('',(54.100710333675,4.04161491267,
    -23.01863482492));
#1882 = LINE('',#1883,#1884);
#1883 = CARTESIAN_POINT('',(54.048130513199,4.021242412203,
    -20.01916481778));
#1884 = VECTOR('',#1885,1.);
#1885 = DIRECTION('',(1.752660682543E-02,6.790833489229E-03,
    -0.999823335712));
#1886 = ORIENTED_EDGE('',*,*,#1887,.T.);
#1887 = EDGE_CURVE('',#1880,#1880,#1888,.T.);
#1888 = CIRCLE('',#1889,3.);
#1889 = AXIS2_PLACEMENT_3D('',#1890,#1891,#1892);
#1890 = CARTESIAN_POINT('',(51.1011711473,4.041793458845,-23.07121464539
    ));
#1891 = DIRECTION('',(1.752660682543E-02,6.790833489229E-03,
    -0.999823335712));
#1892 = DIRECTION('',(0.999846395458,-5.951539141349E-05,
    1.752660682543E-02));
#1893 = ORIENTED_EDGE('',*,*,#1879,.F.);
#1894 = ORIENTED_EDGE('',*,*,#523,.F.);
#1895 = CYLINDRICAL_SURFACE('',#1896,3.);
#1896 = AXIS2_PLACEMENT_3D('',#1897,#1898,#1899);
#1897 = CARTESIAN_POINT('',(51.048591326824,4.021420958377,
    -20.07174463826));
#1898 = DIRECTION('',(-1.752660682543E-02,-6.790833489229E-03,
    0.999823335712));
#1899 = DIRECTION('',(0.999846395458,-5.951539141349E-05,
    1.752660682543E-02));
#1900 = ADVANCED_FACE('',(#1901),#1920,.F.);
#1901 = FACE_BOUND('',#1902,.T.);
#1902 = EDGE_LOOP('',(#1903,#1911,#1918,#1919));
#1903 = ORIENTED_EDGE('',*,*,#1904,.T.);
#1904 = EDGE_CURVE('',#535,#1905,#1907,.T.);
#1905 = VERTEX_POINT('',#1906);
#1906 = CARTESIAN_POINT('',(17.720881655212,8.345601196967,
    -23.87717379752));
#1907 = LINE('',#1908,#1909);
#1908 = CARTESIAN_POINT('',(17.66392018303,8.323530988127,
    -20.62774795646));
#1909 = VECTOR('',#1910,1.);
#1910 = DIRECTION('',(1.752660682543E-02,6.79083348923E-03,
    -0.999823335712));
#1911 = ORIENTED_EDGE('',*,*,#1912,.T.);
#1912 = EDGE_CURVE('',#1905,#1905,#1913,.T.);
#1913 = CIRCLE('',#1914,2.7);
#1914 = AXIS2_PLACEMENT_3D('',#1915,#1916,#1917);
#1915 = CARTESIAN_POINT('',(15.021296387475,8.345761888524,
    -23.92449563595));
#1916 = DIRECTION('',(1.752660682543E-02,6.790833489229E-03,
    -0.999823335712));
#1917 = DIRECTION('',(0.999846395458,-5.951539141349E-05,
    1.752660682543E-02));
#1918 = ORIENTED_EDGE('',*,*,#1904,.F.);
#1919 = ORIENTED_EDGE('',*,*,#534,.F.);
#1920 = CYLINDRICAL_SURFACE('',#1921,2.7);
#1921 = AXIS2_PLACEMENT_3D('',#1922,#1923,#1924);
#1922 = CARTESIAN_POINT('',(14.964334915292,8.323691679684,
    -20.67506979489));
#1923 = DIRECTION('',(-1.752660682543E-02,-6.79083348923E-03,
    0.999823335712));
#1924 = DIRECTION('',(0.999846395458,-5.951539141349E-05,
    1.752660682543E-02));
#1925 = ADVANCED_FACE('',(#1926),#1945,.F.);
#1926 = FACE_BOUND('',#1927,.T.);
#1927 = EDGE_LOOP('',(#1928,#1936,#1943,#1944));
#1928 = ORIENTED_EDGE('',*,*,#1929,.T.);
#1929 = EDGE_CURVE('',#546,#1930,#1932,.T.);
#1930 = VERTEX_POINT('',#1931);
#1931 = CARTESIAN_POINT('',(21.983055474638,17.57478662692,
    -23.73977421767));
#1932 = LINE('',#1933,#1934);
#1933 = CARTESIAN_POINT('',(21.926094002455,17.55271641808,
    -20.49034837661));
#1934 = VECTOR('',#1935,1.);
#1935 = DIRECTION('',(1.752660682543E-02,6.790833489229E-03,
    -0.999823335712));
#1936 = ORIENTED_EDGE('',*,*,#1937,.T.);
#1937 = EDGE_CURVE('',#1930,#1930,#1938,.T.);
#1938 = CIRCLE('',#1939,2.7);
#1939 = AXIS2_PLACEMENT_3D('',#1940,#1941,#1942);
#1940 = CARTESIAN_POINT('',(21.983216166194,14.874848888236,
    -23.75810946809));
#1941 = DIRECTION('',(1.752660682543E-02,6.790833489229E-03,
    -0.999823335712));
#1942 = DIRECTION('',(-5.951539141349E-05,0.999976940253,
    6.790833489229E-03));
#1943 = ORIENTED_EDGE('',*,*,#1929,.F.);
#1944 = ORIENTED_EDGE('',*,*,#545,.F.);
#1945 = CYLINDRICAL_SURFACE('',#1946,2.7);
#1946 = AXIS2_PLACEMENT_3D('',#1947,#1948,#1949);
#1947 = CARTESIAN_POINT('',(21.926254694012,14.852778679396,
    -20.50868362703));
#1948 = DIRECTION('',(-1.752660682543E-02,-6.790833489229E-03,
    0.999823335712));
#1949 = DIRECTION('',(-5.951539141349E-05,0.999976940253,
    6.790833489229E-03));
#1950 = ADVANCED_FACE('',(#1951),#1970,.F.);
#1951 = FACE_BOUND('',#1952,.T.);
#1952 = EDGE_LOOP('',(#1953,#1961,#1968,#1969));
#1953 = ORIENTED_EDGE('',*,*,#1954,.T.);
#1954 = EDGE_CURVE('',#557,#1955,#1957,.T.);
#1955 = VERTEX_POINT('',#1956);
#1956 = CARTESIAN_POINT('',(18.250408696346,15.097022987854,
    -24.57216798472));
#1957 = LINE('',#1958,#1959);
#1958 = CARTESIAN_POINT('',(18.180302269045,15.069859653897,
    -20.57287464188));
#1959 = VECTOR('',#1960,1.);
#1960 = DIRECTION('',(1.752660682543E-02,6.790833489229E-03,
    -0.999823335712));
#1961 = ORIENTED_EDGE('',*,*,#1962,.T.);
#1962 = EDGE_CURVE('',#1955,#1955,#1963,.T.);
#1963 = CIRCLE('',#1964,3.);
#1964 = AXIS2_PLACEMENT_3D('',#1965,#1966,#1967);
#1965 = CARTESIAN_POINT('',(15.250869509971,15.097201534028,
    -24.6247478052));
#1966 = DIRECTION('',(1.752660682543E-02,6.790833489229E-03,
    -0.999823335712));
#1967 = DIRECTION('',(0.999846395458,-5.951539141349E-05,
    1.752660682543E-02));
#1968 = ORIENTED_EDGE('',*,*,#1954,.F.);
#1969 = ORIENTED_EDGE('',*,*,#556,.F.);
#1970 = CYLINDRICAL_SURFACE('',#1971,3.);
#1971 = AXIS2_PLACEMENT_3D('',#1972,#1973,#1974);
#1972 = CARTESIAN_POINT('',(15.18076308267,15.070038200071,
    -20.62545446235));
#1973 = DIRECTION('',(-1.752660682543E-02,-6.790833489229E-03,
    0.999823335712));
#1974 = DIRECTION('',(0.999846395458,-5.951539141349E-05,
    1.752660682543E-02));
#1975 = ADVANCED_FACE('',(#1976),#1995,.F.);
#1976 = FACE_BOUND('',#1977,.T.);
#1977 = EDGE_LOOP('',(#1978,#1986,#1993,#1994));
#1978 = ORIENTED_EDGE('',*,*,#1979,.T.);
#1979 = EDGE_CURVE('',#568,#1980,#1982,.T.);
#1980 = VERTEX_POINT('',#1981);
#1981 = CARTESIAN_POINT('',(8.492393635067,12.609430190902,
    -24.00998638916));
#1982 = LINE('',#1983,#1984);
#1983 = CARTESIAN_POINT('',(8.435432162884,12.587359982062,
    -20.7605605481));
#1984 = VECTOR('',#1985,1.);
#1985 = DIRECTION('',(1.752660682543E-02,6.790833489229E-03,
    -0.999823335712));
#1986 = ORIENTED_EDGE('',*,*,#1987,.T.);
#1987 = EDGE_CURVE('',#1980,#1980,#1988,.T.);
#1988 = CIRCLE('',#1989,2.7);
#1989 = AXIS2_PLACEMENT_3D('',#1990,#1991,#1992);
#1990 = CARTESIAN_POINT('',(8.49223294351,15.309367929586,
    -23.99165113874));
#1991 = DIRECTION('',(1.752660682543E-02,6.790833489229E-03,
    -0.999823335712));
#1992 = DIRECTION('',(5.951539141349E-05,-0.999976940253,
    -6.790833489229E-03));
#1993 = ORIENTED_EDGE('',*,*,#1979,.F.);
#1994 = ORIENTED_EDGE('',*,*,#567,.F.);
#1995 = CYLINDRICAL_SURFACE('',#1996,2.7);
#1996 = AXIS2_PLACEMENT_3D('',#1997,#1998,#1999);
#1997 = CARTESIAN_POINT('',(8.435271471327,15.287297720746,
    -20.74222529768));
#1998 = DIRECTION('',(-1.752660682543E-02,-6.790833489229E-03,
    0.999823335712));
#1999 = DIRECTION('',(5.951539141349E-05,-0.999976940253,
    -6.790833489229E-03));
#2000 = ADVANCED_FACE('',(#2001),#2020,.F.);
#2001 = FACE_BOUND('',#2002,.T.);
#2002 = EDGE_LOOP('',(#2003,#2011,#2018,#2019));
#2003 = ORIENTED_EDGE('',*,*,#2004,.T.);
#2004 = EDGE_CURVE('',#579,#2005,#2007,.T.);
#2005 = VERTEX_POINT('',#2006);
#2006 = CARTESIAN_POINT('',(12.754567454492,21.838615620855,
    -23.87258680931));
#2007 = LINE('',#2008,#2009);
#2008 = CARTESIAN_POINT('',(12.697605982309,21.816545412015,
    -20.62316096825));
#2009 = VECTOR('',#2010,1.);
#2010 = DIRECTION('',(1.752660682543E-02,6.790833489229E-03,
    -0.999823335712));
#2011 = ORIENTED_EDGE('',*,*,#2012,.T.);
#2012 = EDGE_CURVE('',#2005,#2005,#2013,.T.);
#2013 = CIRCLE('',#2014,2.7);
#2014 = AXIS2_PLACEMENT_3D('',#2015,#2016,#2017);
#2015 = CARTESIAN_POINT('',(15.45415272223,21.838454929298,
    -23.82526497088));
#2016 = DIRECTION('',(1.752660682543E-02,6.790833489229E-03,
    -0.999823335712));
#2017 = DIRECTION('',(-0.999846395458,5.951539141349E-05,
    -1.752660682543E-02));
#2018 = ORIENTED_EDGE('',*,*,#2004,.F.);
#2019 = ORIENTED_EDGE('',*,*,#578,.F.);
#2020 = CYLINDRICAL_SURFACE('',#2021,2.7);
#2021 = AXIS2_PLACEMENT_3D('',#2022,#2023,#2024);
#2022 = CARTESIAN_POINT('',(15.397191250047,21.816384720458,
    -20.57583912982));
#2023 = DIRECTION('',(-1.752660682543E-02,-6.790833489229E-03,
    0.999823335712));
#2024 = DIRECTION('',(-0.999846395458,5.951539141349E-05,
    -1.752660682543E-02));
#2025 = ADVANCED_FACE('',(#2026),#2047,.F.);
#2026 = FACE_BOUND('',#2027,.T.);
#2027 = EDGE_LOOP('',(#2028,#2029,#2035,#2036,#2045,#2046));
#2028 = ORIENTED_EDGE('',*,*,#920,.F.);
#2029 = ORIENTED_EDGE('',*,*,#2030,.T.);
#2030 = EDGE_CURVE('',#867,#644,#2031,.T.);
#2031 = LINE('',#2032,#2033);
#2032 = CARTESIAN_POINT('',(79.542844743385,27.019194395549,
    -19.41604717348));
#2033 = VECTOR('',#2034,1.);
#2034 = DIRECTION('',(1.752660682543E-02,6.790833489229E-03,
    -0.999823335712));
#2035 = ORIENTED_EDGE('',*,*,#711,.T.);
#2036 = ORIENTED_EDGE('',*,*,#2037,.F.);
#2037 = EDGE_CURVE('',#621,#702,#2038,.T.);
#2038 = B_SPLINE_CURVE_WITH_KNOTS('',5,(#2039,#2040,#2041,#2042,#2043,
    #2044),.UNSPECIFIED.,.F.,.F.,(6,6),(0.,1.),
  .PIECEWISE_BEZIER_KNOTS.);
#2039 = CARTESIAN_POINT('',(44.665786183402,27.021270436229,
    -20.02741757536));
#2040 = CARTESIAN_POINT('',(44.69369101985,27.032082403414,
    -21.61927770765));
#2041 = CARTESIAN_POINT('',(44.72140494793,27.042820401522,
    -23.20024727554));
#2042 = CARTESIAN_POINT('',(44.75003332242,27.053912709701,
    -24.83338238054));
#2043 = CARTESIAN_POINT('',(44.778991426333,27.06513277436,
    -26.48532724005));
#2044 = CARTESIAN_POINT('',(44.806002472417,27.075598434835,
    -28.0262001806));
#2045 = ORIENTED_EDGE('',*,*,#620,.F.);
#2046 = ORIENTED_EDGE('',*,*,#595,.F.);
#2047 = PLANE('',#2048);
#2048 = AXIS2_PLACEMENT_3D('',#2049,#2050,#2051);
#2049 = CARTESIAN_POINT('',(86.120416243313,27.018802868666,
    -19.3007469533));
#2050 = DIRECTION('',(5.951539141349E-05,-0.999976940253,
    -6.790833489229E-03));
#2051 = DIRECTION('',(0.999846395458,-5.951539141349E-05,
    1.752660682543E-02));
#2052 = ADVANCED_FACE('',(#2053),#2064,.T.);
#2053 = FACE_BOUND('',#2054,.T.);
#2054 = EDGE_LOOP('',(#2055,#2056,#2062,#2063));
#2055 = ORIENTED_EDGE('',*,*,#874,.F.);
#2056 = ORIENTED_EDGE('',*,*,#2057,.T.);
#2057 = EDGE_CURVE('',#819,#646,#2058,.T.);
#2058 = LINE('',#2059,#2060);
#2059 = CARTESIAN_POINT('',(81.542656565085,25.019121484259,
    -19.39457562681));
#2060 = VECTOR('',#2061,1.);
#2061 = DIRECTION('',(1.752660682543E-02,6.790833489229E-03,
    -0.999823335712));
#2062 = ORIENTED_EDGE('',*,*,#643,.F.);
#2063 = ORIENTED_EDGE('',*,*,#2030,.F.);
#2064 = PLANE('',#2065);
#2065 = AXIS2_PLACEMENT_3D('',#2066,#2067,#2068);
#2066 = CARTESIAN_POINT('',(80.542750654235,26.019157939904,
    -19.40531140015));
#2067 = DIRECTION('',(0.706956082637,0.707048391746,1.71950269476E-02));
#2068 = DIRECTION('',(1.752660682543E-02,6.790833489229E-03,
    -0.999823335712));
#2069 = ADVANCED_FACE('',(#2070),#2081,.F.);
#2070 = FACE_BOUND('',#2071,.T.);
#2071 = EDGE_LOOP('',(#2072,#2073,#2079,#2080));
#2072 = ORIENTED_EDGE('',*,*,#826,.F.);
#2073 = ORIENTED_EDGE('',*,*,#2074,.T.);
#2074 = EDGE_CURVE('',#771,#654,#2075,.T.);
#2075 = LINE('',#2076,#2077);
#2076 = CARTESIAN_POINT('',(81.544620573001,-7.980117544101,
    -19.61867313195));
#2077 = VECTOR('',#2078,1.);
#2078 = DIRECTION('',(1.752660682543E-02,6.790833489229E-03,
    -0.999823335712));
#2079 = ORIENTED_EDGE('',*,*,#653,.F.);
#2080 = ORIENTED_EDGE('',*,*,#2057,.F.);
#2081 = PLANE('',#2082);
#2082 = AXIS2_PLACEMENT_3D('',#2083,#2084,#2085);
#2083 = CARTESIAN_POINT('',(81.544739603784,-9.980071424608,
    -19.63225479893));
#2084 = DIRECTION('',(-0.999846395458,5.951539141349E-05,
    -1.752660682543E-02));
#2085 = DIRECTION('',(5.951539141349E-05,-0.999976940253,
    -6.790833489229E-03));
#2086 = ADVANCED_FACE('',(#2087),#2121,.T.);
#2087 = FACE_BOUND('',#2088,.T.);
#2088 = EDGE_LOOP('',(#2089,#2099,#2100,#2101,#2102,#2113));
#2089 = ORIENTED_EDGE('',*,*,#2090,.F.);
#2090 = EDGE_CURVE('',#1696,#2091,#2093,.T.);
#2091 = VERTEX_POINT('',#2092);
#2092 = CARTESIAN_POINT('',(43.502361282403,26.24087657695,
    -28.05452609434));
#2093 = B_SPLINE_CURVE_WITH_KNOTS('',2,(#2094,#2095,#2096,#2097,#2098),
  .UNSPECIFIED.,.F.,.F.,(3,1,1,3),(-0.4896,1.791E-14,8.,8.4896),
  .UNSPECIFIED.);
#2094 = CARTESIAN_POINT('',(43.353567401098,26.18322511696,
    -19.56642590348));
#2095 = CARTESIAN_POINT('',(43.357857914449,26.184887512998,
    -19.81118265606));
#2096 = CARTESIAN_POINT('',(43.432254855101,26.213713242993,
    -24.05523275149));
#2097 = CARTESIAN_POINT('',(43.506651795754,26.242538972988,
    -28.29928284692));
#2098 = CARTESIAN_POINT('',(43.510942309105,26.244201369027,
    -28.5440395995));
#2099 = ORIENTED_EDGE('',*,*,#1839,.T.);
#2100 = ORIENTED_EDGE('',*,*,#2037,.T.);
#2101 = ORIENTED_EDGE('',*,*,#701,.T.);
#2102 = ORIENTED_EDGE('',*,*,#2103,.T.);
#2103 = EDGE_CURVE('',#694,#2104,#2106,.T.);
#2104 = VERTEX_POINT('',#2105);
#2105 = CARTESIAN_POINT('',(44.688438237444,27.000322808811,
    -28.02857633258));
#2106 = B_SPLINE_CURVE_WITH_KNOTS('',5,(#2107,#2108,#2109,#2110,#2111,
    #2112),.UNSPECIFIED.,.F.,.F.,(6,6),(0.,1.),
  .PIECEWISE_BEZIER_KNOTS.);
#2107 = CARTESIAN_POINT('',(44.618331810143,26.973159474854,
    -24.02928298974));
#2108 = CARTESIAN_POINT('',(44.631776776997,26.97836884208,
    -24.79626496991));
#2109 = CARTESIAN_POINT('',(44.646097260887,26.983917435858,
    -25.61319172104));
#2110 = CARTESIAN_POINT('',(44.66067313964,26.989564984557,
    -26.44468773508));
#2111 = CARTESIAN_POINT('',(44.674952058759,26.995097473709,
    -27.25924338103));
#2112 = CARTESIAN_POINT('',(44.688438237445,27.000322808811,
    -28.02857633258));
#2113 = ORIENTED_EDGE('',*,*,#2114,.F.);
#2114 = EDGE_CURVE('',#2091,#2104,#2115,.T.);
#2115 = B_SPLINE_CURVE_WITH_KNOTS('',4,(#2116,#2117,#2118,#2119,#2120),
  .UNSPECIFIED.,.F.,.F.,(5,5),(0.,1.),.PIECEWISE_BEZIER_KNOTS.);
#2116 = CARTESIAN_POINT('',(43.502361282403,26.24087657695,
    -28.05452609434));
#2117 = CARTESIAN_POINT('',(45.798497102323,27.711094583351,
    -28.00428974396));
#2118 = CARTESIAN_POINT('',(48.094632922244,29.181312589752,
    -27.95405339359));
#2119 = CARTESIAN_POINT('',(50.390768742164,30.651530596153,
    -27.90381704321));
#2120 = CARTESIAN_POINT('',(52.686904562085,32.121748602554,
    -27.85358069283));
#2121 = B_SPLINE_SURFACE_WITH_KNOTS('',1,2,(
    (#2122,#2123,#2124,#2125,#2126)
    ,(#2127,#2128,#2129,#2130,#2131
    )),.UNSPECIFIED.,.F.,.F.,.F.,(2,2),(3,1,1,3),(0.,8.),(-0.4896,
    1.791E-14,8.,8.4896),.UNSPECIFIED.);
#2122 = CARTESIAN_POINT('',(43.353567401098,26.18322511696,
    -19.56642590348));
#2123 = CARTESIAN_POINT('',(43.357857914449,26.184887512998,
    -19.81118265606));
#2124 = CARTESIAN_POINT('',(43.432254855101,26.213713242993,
    -24.05523275149));
#2125 = CARTESIAN_POINT('',(43.506651795754,26.242538972988,
    -28.29928284692));
#2126 = CARTESIAN_POINT('',(43.510942309105,26.244201369027,
    -28.5440395995));
#2127 = CARTESIAN_POINT('',(52.538110680779,32.064097142564,
    -19.36548050197));
#2128 = CARTESIAN_POINT('',(52.54240119413,32.065759538602,
    -19.61023725456));
#2129 = CARTESIAN_POINT('',(52.616798134783,32.094585268597,
    -23.85428734998));
#2130 = CARTESIAN_POINT('',(52.691195075436,32.123410998592,
    -28.09833744541));
#2131 = CARTESIAN_POINT('',(52.695485588786,32.12507339463,-28.343094198
    ));
#2132 = ADVANCED_FACE('',(#2133),#2144,.F.);
#2133 = FACE_BOUND('',#2134,.T.);
#2134 = EDGE_LOOP('',(#2135,#2136,#2142,#2143));
#2135 = ORIENTED_EDGE('',*,*,#778,.F.);
#2136 = ORIENTED_EDGE('',*,*,#2137,.T.);
#2137 = EDGE_CURVE('',#762,#662,#2138,.T.);
#2138 = LINE('',#2139,#2140);
#2139 = CARTESIAN_POINT('',(79.545046812867,-9.979952393825,
    -19.66730801258));
#2140 = VECTOR('',#2141,1.);
#2141 = DIRECTION('',(1.752660682543E-02,6.790833489229E-03,
    -0.999823335712));
#2142 = ORIENTED_EDGE('',*,*,#661,.F.);
#2143 = ORIENTED_EDGE('',*,*,#2074,.F.);
#2144 = PLANE('',#2145);
#2145 = AXIS2_PLACEMENT_3D('',#2146,#2147,#2148);
#2146 = CARTESIAN_POINT('',(80.544833692934,-8.980034968963,
    -19.64299057227));
#2147 = DIRECTION('',(-0.70704025011,0.70713255922,-7.591338127312E-03)
  );
#2148 = DIRECTION('',(-1.752660682543E-02,-6.790833489229E-03,
    0.999823335712));
#2149 = ADVANCED_FACE('',(#2150),#2170,.F.);
#2150 = FACE_BOUND('',#2151,.T.);
#2151 = EDGE_LOOP('',(#2152,#2153,#2163,#2169));
#2152 = ORIENTED_EDGE('',*,*,#693,.T.);
#2153 = ORIENTED_EDGE('',*,*,#2154,.F.);
#2154 = EDGE_CURVE('',#2155,#686,#2157,.T.);
#2155 = VERTEX_POINT('',#2156);
#2156 = CARTESIAN_POINT('',(44.690175079803,-2.182083062108,
    -28.22675376159));
#2157 = B_SPLINE_CURVE_WITH_KNOTS('',2,(#2158,#2159,#2160,#2161,#2162),
  .UNSPECIFIED.,.F.,.F.,(3,1,1,3),(-0.489600000125,-6.260419E-11,
    7.999999999999,8.489600000061),.UNSPECIFIED.);
#2158 = CARTESIAN_POINT('',(44.69875610651,-2.178758270029,
    -28.71626726705));
#2159 = CARTESIAN_POINT('',(44.694465593159,-2.180420666068,
    -28.47151051442));
#2160 = CARTESIAN_POINT('',(44.620068652501,-2.209246396065,
    -24.22746041871));
#2161 = CARTESIAN_POINT('',(44.545671711844,-2.238072126062,
    -19.98341032301));
#2162 = CARTESIAN_POINT('',(44.541381198492,-2.2397345221,
    -19.73865357038));
#2163 = ORIENTED_EDGE('',*,*,#2164,.F.);
#2164 = EDGE_CURVE('',#2104,#2155,#2165,.T.);
#2165 = LINE('',#2166,#2167);
#2166 = CARTESIAN_POINT('',(44.688433756946,27.075604102162,
    -28.02806509807));
#2167 = VECTOR('',#2168,1.);
#2168 = DIRECTION('',(5.95153914135E-05,-0.999976940253,
    -6.79083348923E-03));
#2169 = ORIENTED_EDGE('',*,*,#2103,.F.);
#2170 = PLANE('',#2171);
#2171 = AXIS2_PLACEMENT_3D('',#2172,#2173,#2174);
#2172 = CARTESIAN_POINT('',(44.618327329644,27.048440768205,
    -24.02877175522));
#2173 = DIRECTION('',(-0.999846395458,5.951539141349E-05,
    -1.752660682543E-02));
#2174 = DIRECTION('',(-1.752660682543E-02,-6.79083348923E-03,
    0.999823335712));
#2175 = ADVANCED_FACE('',(#2176),#2187,.T.);
#2176 = FACE_BOUND('',#2177,.F.);
#2177 = EDGE_LOOP('',(#2178,#2179,#2180,#2181));
#2178 = ORIENTED_EDGE('',*,*,#802,.F.);
#2179 = ORIENTED_EDGE('',*,*,#2137,.T.);
#2180 = ORIENTED_EDGE('',*,*,#669,.F.);
#2181 = ORIENTED_EDGE('',*,*,#2182,.F.);
#2182 = EDGE_CURVE('',#795,#670,#2183,.T.);
#2183 = LINE('',#2184,#2185);
#2184 = CARTESIAN_POINT('',(52.549194135491,-9.978345478257,
    -20.14052639687));
#2185 = VECTOR('',#2186,1.);
#2186 = DIRECTION('',(1.752660682543E-02,6.790833489229E-03,
    -0.999823335712));
#2187 = PLANE('',#2188);
#2188 = AXIS2_PLACEMENT_3D('',#2189,#2190,#2191);
#2189 = CARTESIAN_POINT('',(100.16919736298,-9.981180036789,
    -19.30578110261));
#2190 = DIRECTION('',(5.951539141349E-05,-0.999976940253,
    -6.790833489229E-03));
#2191 = DIRECTION('',(0.999846395458,-5.951539141349E-05,
    1.752660682543E-02));
#2192 = ADVANCED_FACE('',(#2193),#2211,.T.);
#2193 = FACE_BOUND('',#2194,.F.);
#2194 = EDGE_LOOP('',(#2195,#2196,#2202,#2203));
#2195 = ORIENTED_EDGE('',*,*,#897,.T.);
#2196 = ORIENTED_EDGE('',*,*,#2197,.T.);
#2197 = EDGE_CURVE('',#841,#678,#2198,.T.);
#2198 = LINE('',#2199,#2200);
#2199 = CARTESIAN_POINT('',(44.550065879476,-3.978007713606,
    -20.23999425054));
#2200 = VECTOR('',#2201,1.);
#2201 = DIRECTION('',(1.752660682543E-02,6.790833489229E-03,
    -0.999823335712));
#2202 = ORIENTED_EDGE('',*,*,#685,.F.);
#2203 = ORIENTED_EDGE('',*,*,#2204,.T.);
#2204 = EDGE_CURVE('',#686,#889,#2205,.T.);
#2205 = B_SPLINE_CURVE_WITH_KNOTS('',2,(#2206,#2207,#2208,#2209,#2210),
  .UNSPECIFIED.,.F.,.F.,(3,1,1,3),(-0.489600000125,-6.260419E-11,
    7.999999999999,8.489600000061),.UNSPECIFIED.);
#2206 = CARTESIAN_POINT('',(44.69875610651,-2.178758270029,
    -28.71626726705));
#2207 = CARTESIAN_POINT('',(44.694465593159,-2.180420666068,
    -28.47151051442));
#2208 = CARTESIAN_POINT('',(44.620068652501,-2.209246396065,
    -24.22746041871));
#2209 = CARTESIAN_POINT('',(44.545671711844,-2.238072126062,
    -19.98341032301));
#2210 = CARTESIAN_POINT('',(44.541381198492,-2.2397345221,
    -19.73865357038));
#2211 = PLANE('',#2212);
#2212 = AXIS2_PLACEMENT_3D('',#2213,#2214,#2215);
#2213 = CARTESIAN_POINT('',(44.550422971824,-9.977869355126,
    -20.28073925147));
#2214 = DIRECTION('',(-0.999846395458,5.951539141349E-05,
    -1.752660682543E-02));
#2215 = DIRECTION('',(5.951539141349E-05,-0.999976940253,
    -6.790833489229E-03));
#2216 = ADVANCED_FACE('',(#2217),#2223,.T.);
#2217 = FACE_BOUND('',#2218,.T.);
#2218 = EDGE_LOOP('',(#2219,#2220,#2221,#2222));
#2219 = ORIENTED_EDGE('',*,*,#850,.F.);
#2220 = ORIENTED_EDGE('',*,*,#2197,.T.);
#2221 = ORIENTED_EDGE('',*,*,#677,.F.);
#2222 = ORIENTED_EDGE('',*,*,#2182,.F.);
#2223 = PLANE('',#2224);
#2224 = AXIS2_PLACEMENT_3D('',#2225,#2226,#2227);
#2225 = CARTESIAN_POINT('',(48.549630007484,-6.978176595931,
    -20.1902603237));
#2226 = DIRECTION('',(-0.599860224962,-0.799945842968,
    -1.594863088664E-02));
#2227 = DIRECTION('',(1.752660682543E-02,6.790833489229E-03,
    -0.999823335712));
#2228 = ADVANCED_FACE('',(#2229),#2248,.F.);
#2229 = FACE_BOUND('',#2230,.T.);
#2230 = EDGE_LOOP('',(#2231,#2239,#2240,#2241));
#2231 = ORIENTED_EDGE('',*,*,#2232,.F.);
#2232 = EDGE_CURVE('',#720,#2233,#2235,.T.);
#2233 = VERTEX_POINT('',#2234);
#2234 = CARTESIAN_POINT('',(76.347292632624,4.040290695211,
    -22.62866782305));
#2235 = LINE('',#2236,#2237);
#2236 = CARTESIAN_POINT('',(76.36481923945,4.047081528701,
    -23.62849115876));
#2237 = VECTOR('',#2238,1.);
#2238 = DIRECTION('',(-1.752660682543E-02,-6.790833489229E-03,
    0.999823335712));
#2239 = ORIENTED_EDGE('',*,*,#719,.F.);
#2240 = ORIENTED_EDGE('',*,*,#2232,.T.);
#2241 = ORIENTED_EDGE('',*,*,#2242,.T.);
#2242 = EDGE_CURVE('',#2233,#2233,#2243,.T.);
#2243 = CIRCLE('',#2244,1.25);
#2244 = AXIS2_PLACEMENT_3D('',#2245,#2246,#2247);
#2245 = CARTESIAN_POINT('',(75.097484638301,4.040365089451,
    -22.65057608158));
#2246 = DIRECTION('',(-1.752660682543E-02,-6.790833489229E-03,
    0.999823335712));
#2247 = DIRECTION('',(0.999846395458,-5.951539141349E-05,
    1.752660682543E-02));
#2248 = CYLINDRICAL_SURFACE('',#2249,1.25);
#2249 = AXIS2_PLACEMENT_3D('',#2250,#2251,#2252);
#2250 = CARTESIAN_POINT('',(75.115011245127,4.04715592294,-23.6503994173
    ));
#2251 = DIRECTION('',(1.752660682543E-02,6.790833489229E-03,
    -0.999823335712));
#2252 = DIRECTION('',(0.999846395458,-5.951539141349E-05,
    1.752660682543E-02));
#2253 = ADVANCED_FACE('',(#2254),#2273,.F.);
#2254 = FACE_BOUND('',#2255,.T.);
#2255 = EDGE_LOOP('',(#2256,#2264,#2265,#2266));
#2256 = ORIENTED_EDGE('',*,*,#2257,.F.);
#2257 = EDGE_CURVE('',#731,#2258,#2260,.T.);
#2258 = VERTEX_POINT('',#2259);
#2259 = CARTESIAN_POINT('',(52.350979141623,4.041719064605,
    -23.04930638686));
#2260 = LINE('',#2261,#2262);
#2261 = CARTESIAN_POINT('',(52.368505748449,4.048509898095,
    -24.04912972257));
#2262 = VECTOR('',#2263,1.);
#2263 = DIRECTION('',(-1.752660682543E-02,-6.790833489229E-03,
    0.999823335712));
#2264 = ORIENTED_EDGE('',*,*,#730,.F.);
#2265 = ORIENTED_EDGE('',*,*,#2257,.T.);
#2266 = ORIENTED_EDGE('',*,*,#2267,.T.);
#2267 = EDGE_CURVE('',#2258,#2258,#2268,.T.);
#2268 = CIRCLE('',#2269,1.25);
#2269 = AXIS2_PLACEMENT_3D('',#2270,#2271,#2272);
#2270 = CARTESIAN_POINT('',(51.1011711473,4.041793458845,-23.07121464539
    ));
#2271 = DIRECTION('',(-1.752660682543E-02,-6.790833489229E-03,
    0.999823335712));
#2272 = DIRECTION('',(0.999846395458,-5.951539141349E-05,
    1.752660682543E-02));
#2273 = CYLINDRICAL_SURFACE('',#2274,1.25);
#2274 = AXIS2_PLACEMENT_3D('',#2275,#2276,#2277);
#2275 = CARTESIAN_POINT('',(51.118697754126,4.048584292334,
    -24.07103798111));
#2276 = DIRECTION('',(1.752660682543E-02,6.790833489229E-03,
    -0.999823335712));
#2277 = DIRECTION('',(0.999846395458,-5.951539141349E-05,
    1.752660682543E-02));
#2278 = ADVANCED_FACE('',(#2279),#2298,.F.);
#2279 = FACE_BOUND('',#2280,.T.);
#2280 = EDGE_LOOP('',(#2281,#2289,#2290,#2291));
#2281 = ORIENTED_EDGE('',*,*,#2282,.F.);
#2282 = EDGE_CURVE('',#742,#2283,#2285,.T.);
#2283 = VERTEX_POINT('',#2284);
#2284 = CARTESIAN_POINT('',(76.346102324796,24.039829500278,
    -22.49285115327));
#2285 = LINE('',#2286,#2287);
#2286 = CARTESIAN_POINT('',(76.363628931621,24.046620333768,
    -23.49267448898));
#2287 = VECTOR('',#2288,1.);
#2288 = DIRECTION('',(-1.752660682543E-02,-6.790833489229E-03,
    0.999823335712));
#2289 = ORIENTED_EDGE('',*,*,#741,.F.);
#2290 = ORIENTED_EDGE('',*,*,#2282,.T.);
#2291 = ORIENTED_EDGE('',*,*,#2292,.T.);
#2292 = EDGE_CURVE('',#2283,#2283,#2293,.T.);
#2293 = CIRCLE('',#2294,1.25);
#2294 = AXIS2_PLACEMENT_3D('',#2295,#2296,#2297);
#2295 = CARTESIAN_POINT('',(75.096294330473,24.039903894518,
    -22.5147594118));
#2296 = DIRECTION('',(-1.752660682543E-02,-6.790833489229E-03,
    0.999823335712));
#2297 = DIRECTION('',(0.999846395458,-5.951539141349E-05,
    1.752660682543E-02));
#2298 = CYLINDRICAL_SURFACE('',#2299,1.25);
#2299 = AXIS2_PLACEMENT_3D('',#2300,#2301,#2302);
#2300 = CARTESIAN_POINT('',(75.113820937298,24.046694728007,
    -23.51458274751));
#2301 = DIRECTION('',(1.752660682543E-02,6.790833489229E-03,
    -0.999823335712));
#2302 = DIRECTION('',(0.999846395458,-5.951539141349E-05,
    1.752660682543E-02));
#2303 = ADVANCED_FACE('',(#2304),#2359,.T.);
#2304 = FACE_BOUND('',#2305,.T.);
#2305 = EDGE_LOOP('',(#2306,#2316,#2356,#2357,#2358));
#2306 = ORIENTED_EDGE('',*,*,#2307,.F.);
#2307 = EDGE_CURVE('',#2308,#935,#2310,.T.);
#2308 = VERTEX_POINT('',#2309);
#2309 = CARTESIAN_POINT('',(38.186925775263,3.79696973819,
    -28.30014386866));
#2310 = B_SPLINE_CURVE_WITH_KNOTS('',2,(#2311,#2312,#2313,#2314,#2315),
  .UNSPECIFIED.,.F.,.F.,(3,1,1,3),(-0.489600000125,-6.260419E-11,
    7.999999999999,8.489600000061),.UNSPECIFIED.);
#2311 = CARTESIAN_POINT('',(38.19550680197,3.800294530269,
    -28.78965737411));
#2312 = CARTESIAN_POINT('',(38.191216288618,3.79863213423,
    -28.54490062149));
#2313 = CARTESIAN_POINT('',(38.116819347961,3.769806404233,
    -24.30085052578));
#2314 = CARTESIAN_POINT('',(38.042422407303,3.740980674236,
    -20.05680043008));
#2315 = CARTESIAN_POINT('',(38.038131893951,3.739318278198,
    -19.81204367745));
#2316 = ORIENTED_EDGE('',*,*,#2317,.T.);
#2317 = EDGE_CURVE('',#2308,#2155,#2318,.T.);
#2318 = B_SPLINE_CURVE_WITH_KNOTS('',6,(#2319,#2320,#2321,#2322,#2323,
    #2324,#2325,#2326,#2327,#2328,#2329,#2330,#2331,#2332,#2333,#2334,
    #2335,#2336,#2337,#2338,#2339,#2340,#2341,#2342,#2343,#2344,#2345,
    #2346,#2347,#2348,#2349,#2350,#2351,#2352,#2353,#2354,#2355),
  .UNSPECIFIED.,.F.,.F.,(7,5,5,5,5,5,5,7),(0.,0.14867952728,
    0.252325191216,0.499996900879,0.675507891977,0.747675236802,
    0.851320724924,1.),.UNSPECIFIED.);
#2319 = CARTESIAN_POINT('',(38.186925775263,3.79696973819,
    -28.30014386866));
#2320 = CARTESIAN_POINT('',(38.420347958327,3.816631291052,
    -28.29591850503));
#2321 = CARTESIAN_POINT('',(38.656859691907,3.825536229492,
    -28.29171204178));
#2322 = CARTESIAN_POINT('',(38.895662225603,3.823234009235,
    -28.28754154088));
#2323 = CARTESIAN_POINT('',(39.135901994993,3.809373016973,
    -28.28342435323));
#2324 = CARTESIAN_POINT('',(39.376682344755,3.783710284936,
    -28.27937784717));
#2325 = CARTESIAN_POINT('',(39.78465503165,3.719917563494,
    -28.27265948915));
#2326 = CARTESIAN_POINT('',(39.952048644894,3.687917893824,
    -28.26994247153));
#2327 = CARTESIAN_POINT('',(40.118942771663,3.650079741804,
    -28.26727386493));
#2328 = CARTESIAN_POINT('',(40.285021303481,3.606387718181,
    -28.26465931516));
#2329 = CARTESIAN_POINT('',(40.449967199104,3.556854058925,
    -28.26210429675));
#2330 = CARTESIAN_POINT('',(41.004157158238,3.369290953878,
    -28.25366344585));
#2331 = CARTESIAN_POINT('',(41.386629570231,3.203919153099,
    -28.24808202859));
#2332 = CARTESIAN_POINT('',(41.756473166922,3.005970179273,
    -28.24294325597));
#2333 = CARTESIAN_POINT('',(42.109558033309,2.776908455235,
    -28.23830957776));
#2334 = CARTESIAN_POINT('',(42.442092547795,2.518949256698,
    -28.23423241374));
#2335 = CARTESIAN_POINT('',(42.969549297069,2.034008328542,
    -28.2282799882));
#2336 = CARTESIAN_POINT('',(43.176362574504,1.819875184601,
    -28.22610901219));
#2337 = CARTESIAN_POINT('',(43.370074696341,1.593797490483,
    -28.22424882334));
#2338 = CARTESIAN_POINT('',(43.549704074359,1.356984969712,
    -28.22270841212));
#2339 = CARTESIAN_POINT('',(43.714454681315,1.110774965466,
    -28.22149264936));
#2340 = CARTESIAN_POINT('',(43.925104607289,0.752107457097,
    -28.22023610027));
#2341 = CARTESIAN_POINT('',(43.983866644084,0.646254942165,-28.219924973
    ));
#2342 = CARTESIAN_POINT('',(44.039971399882,0.53915652736,
    -28.21966888926));
#2343 = CARTESIAN_POINT('',(44.093383955702,0.430913782797,
    -28.21946777132));
#2344 = CARTESIAN_POINT('',(44.144075609923,0.321630079821,
    -28.2193214202));
#2345 = CARTESIAN_POINT('',(44.260886349126,5.31152741082E-02,
    -28.21909752409));
#2346 = CARTESIAN_POINT('',(44.324090581596,-0.107111080189,
    -28.21907783537));
#2347 = CARTESIAN_POINT('',(44.381569754858,-0.268956820842,
    -28.21916950417));
#2348 = CARTESIAN_POINT('',(44.433285052096,-0.432107009814,
    -28.21937107186));
#2349 = CARTESIAN_POINT('',(44.479225258588,-0.596245318647,
    -28.21968058653));
#2350 = CARTESIAN_POINT('',(44.577046080605,-0.997476457466,
    -28.2206909918));
#2351 = CARTESIAN_POINT('',(44.622835795535,-1.235284717779,
    -28.22150351331));
#2352 = CARTESIAN_POINT('',(44.656821717268,-1.473545366508,
    -28.22252602446));
#2353 = CARTESIAN_POINT('',(44.679170618209,-1.711344385407,
    -28.22374939373));
#2354 = CARTESIAN_POINT('',(44.690161136128,-1.947801576669,
    -28.22516275834));
#2355 = CARTESIAN_POINT('',(44.690175079803,-2.182083062108,
    -28.22675376159));
#2356 = ORIENTED_EDGE('',*,*,#2154,.T.);
#2357 = ORIENTED_EDGE('',*,*,#2204,.T.);
#2358 = ORIENTED_EDGE('',*,*,#941,.F.);
#2359 = ( BOUNDED_SURFACE() B_SPLINE_SURFACE(2,2,(
    (#2360,#2361,#2362,#2363,#2364)
    ,(#2365,#2366,#2367,#2368,#2369)
    ,(#2370,#2371,#2372,#2373,#2374
)),.UNSPECIFIED.,.F.,.F.,.F.) B_SPLINE_SURFACE_WITH_KNOTS((3,3),(3,1,1,3
    ),(0.,8.000000000062),(-0.489600000125,-6.260419E-11,7.999999999999,
8.489600000061),.UNSPECIFIED.) GEOMETRIC_REPRESENTATION_ITEM() 
RATIONAL_B_SPLINE_SURFACE((
    (1.,1.,1.,1.,1.)
    ,(0.6767635911,0.6767635911,0.6767635911,0.6767635911,0.6767635911)
,(1.,1.,1.,1.,1.))) REPRESENTATION_ITEM('') SURFACE() );
#2360 = CARTESIAN_POINT('',(38.19550680197,3.800294530269,
    -28.78965737411));
#2361 = CARTESIAN_POINT('',(38.191216288618,3.79863213423,
    -28.54490062149));
#2362 = CARTESIAN_POINT('',(38.116819347961,3.769806404233,
    -24.30085052578));
#2363 = CARTESIAN_POINT('',(38.042422407303,3.740980674236,
    -20.05680043008));
#2364 = CARTESIAN_POINT('',(38.038131893951,3.739318278198,
    -19.81204367745));
#2365 = CARTESIAN_POINT('',(44.698367652497,4.348041709579,
    -28.67194383308));
#2366 = CARTESIAN_POINT('',(44.694077139146,4.346379313541,
    -28.42718708045));
#2367 = CARTESIAN_POINT('',(44.619680198488,4.317553583544,
    -24.18313698475));
#2368 = CARTESIAN_POINT('',(44.545283257831,4.288727853547,
    -19.93908688904));
#2369 = CARTESIAN_POINT('',(44.540992744479,4.287065457508,
    -19.69433013642));
#2370 = CARTESIAN_POINT('',(44.69875610651,-2.178758270029,
    -28.71626726705));
#2371 = CARTESIAN_POINT('',(44.694465593159,-2.180420666068,
    -28.47151051442));
#2372 = CARTESIAN_POINT('',(44.620068652501,-2.209246396065,
    -24.22746041871));
#2373 = CARTESIAN_POINT('',(44.545671711844,-2.238072126062,
    -19.98341032301));
#2374 = CARTESIAN_POINT('',(44.541381198492,-2.2397345221,
    -19.73865357038));
#2375 = ADVANCED_FACE('',(#2376,#2380),#2383,.F.);
#2376 = FACE_BOUND('',#2377,.T.);
#2377 = EDGE_LOOP('',(#2378,#2379));
#2378 = ORIENTED_EDGE('',*,*,#1054,.F.);
#2379 = ORIENTED_EDGE('',*,*,#1063,.F.);
#2380 = FACE_BOUND('',#2381,.T.);
#2381 = EDGE_LOOP('',(#2382));
#2382 = ORIENTED_EDGE('',*,*,#2292,.F.);
#2383 = PLANE('',#2384);
#2384 = AXIS2_PLACEMENT_3D('',#2385,#2386,#2387);
#2385 = CARTESIAN_POINT('',(63.098732738887,14.040848676681,
    -22.7929870286));
#2386 = DIRECTION('',(1.752660682543E-02,6.790833489229E-03,
    -0.999823335712));
#2387 = DIRECTION('',(-0.999846395458,5.951539141349E-05,
    -1.752660682543E-02));
#2388 = ADVANCED_FACE('',(#2389),#2730,.T.);
#2389 = FACE_BOUND('',#2390,.T.);
#2390 = EDGE_LOOP('',(#2391,#2392,#2393,#2403));
#2391 = ORIENTED_EDGE('',*,*,#2307,.T.);
#2392 = ORIENTED_EDGE('',*,*,#1092,.F.);
#2393 = ORIENTED_EDGE('',*,*,#2394,.F.);
#2394 = EDGE_CURVE('',#2395,#1083,#2397,.T.);
#2395 = VERTEX_POINT('',#2396);
#2396 = CARTESIAN_POINT('',(1.690705804975,11.479800472938,
    -28.88772974789));
#2397 = B_SPLINE_CURVE_WITH_KNOTS('',4,(#2398,#2399,#2400,#2401,#2402),
  .UNSPECIFIED.,.F.,.F.,(5,5),(0.,1.),.PIECEWISE_BEZIER_KNOTS.);
#2398 = CARTESIAN_POINT('',(1.690710094789,11.479802287392,
    -28.88797424052));
#2399 = CARTESIAN_POINT('',(1.655654738187,11.466219790109,
    -26.88820532226));
#2400 = CARTESIAN_POINT('',(1.620599381588,11.452637292827,
    -24.88843640414));
#2401 = CARTESIAN_POINT('',(1.585544024981,11.439054795542,
    -22.8886674856));
#2402 = CARTESIAN_POINT('',(1.550488668379,11.425472298259,
    -20.88889856734));
#2403 = ORIENTED_EDGE('',*,*,#2404,.F.);
#2404 = EDGE_CURVE('',#2308,#2395,#2405,.T.);
#2405 = B_SPLINE_CURVE_WITH_KNOTS('',8,(#2406,#2407,#2408,#2409,#2410,
    #2411,#2412,#2413,#2414,#2415,#2416,#2417,#2418,#2419,#2420,#2421,
    #2422,#2423,#2424,#2425,#2426,#2427,#2428,#2429,#2430,#2431,#2432,
    #2433,#2434,#2435,#2436,#2437,#2438,#2439,#2440,#2441,#2442,#2443,
    #2444,#2445,#2446,#2447,#2448,#2449,#2450,#2451,#2452,#2453,#2454,
    #2455,#2456,#2457,#2458,#2459,#2460,#2461,#2462,#2463,#2464,#2465,
    #2466,#2467,#2468,#2469,#2470,#2471,#2472,#2473,#2474,#2475,#2476,
    #2477,#2478,#2479,#2480,#2481,#2482,#2483,#2484,#2485,#2486,#2487,
    #2488,#2489,#2490,#2491,#2492,#2493,#2494,#2495,#2496,#2497,#2498,
    #2499,#2500,#2501,#2502,#2503,#2504,#2505,#2506,#2507,#2508,#2509,
    #2510,#2511,#2512,#2513,#2514,#2515,#2516,#2517,#2518,#2519,#2520,
    #2521,#2522,#2523,#2524,#2525,#2526,#2527,#2528,#2529,#2530,#2531,
    #2532,#2533,#2534,#2535,#2536,#2537,#2538,#2539,#2540,#2541,#2542,
    #2543,#2544,#2545,#2546,#2547,#2548,#2549,#2550,#2551,#2552,#2553,
    #2554,#2555,#2556,#2557,#2558,#2559,#2560,#2561,#2562,#2563,#2564,
    #2565,#2566,#2567,#2568,#2569,#2570,#2571,#2572,#2573,#2574,#2575,
    #2576,#2577,#2578,#2579,#2580,#2581,#2582,#2583,#2584,#2585,#2586,
    #2587,#2588,#2589,#2590,#2591,#2592,#2593,#2594,#2595,#2596,#2597,
    #2598,#2599,#2600,#2601,#2602,#2603,#2604,#2605,#2606,#2607,#2608,
    #2609,#2610,#2611,#2612,#2613,#2614,#2615,#2616,#2617,#2618,#2619,
    #2620,#2621,#2622,#2623,#2624,#2625,#2626,#2627,#2628,#2629,#2630,
    #2631,#2632,#2633,#2634,#2635,#2636,#2637,#2638,#2639,#2640,#2641,
    #2642,#2643,#2644,#2645,#2646,#2647,#2648,#2649,#2650,#2651,#2652,
    #2653,#2654,#2655,#2656,#2657,#2658,#2659,#2660,#2661,#2662,#2663,
    #2664,#2665,#2666,#2667,#2668,#2669,#2670,#2671,#2672,#2673,#2674,
    #2675,#2676,#2677,#2678,#2679,#2680,#2681,#2682,#2683,#2684,#2685,
    #2686,#2687,#2688,#2689,#2690,#2691,#2692,#2693,#2694,#2695,#2696,
    #2697,#2698,#2699,#2700,#2701,#2702,#2703,#2704,#2705,#2706,#2707,
    #2708,#2709,#2710,#2711,#2712,#2713,#2714,#2715,#2716,#2717,#2718,
    #2719,#2720,#2721,#2722,#2723,#2724,#2725,#2726,#2727,#2728,#2729),
  .UNSPECIFIED.,.F.,.F.,(9,7,7,7,7,7,7,7,7,7,7,7,7,7,7,7,7,7,7,7,7,7,7,7
    ,7,7,7,7,7,7,7,7,7,7,7,7,7,7,7,7,7,7,7,7,7,7,9),(0.,
    1.800040719934E-02,3.53295220469E-02,0.103779986037,0.11750182058,
    0.163594563763,0.187107379537,0.210608498537,0.228069305515,
    0.242737907199,0.257495332927,0.262263190234,0.269075920636,
    0.276568766904,0.293154471212,0.302964929221,0.32017816273,
    0.338663657027,0.344306639747,0.353175783633,0.362850312494,
    0.389509384315,0.397527756669,0.425946167981,0.451334110185,
    0.470329450107,0.483848931909,0.519372383552,0.536511027683,
    0.544721146406,0.554103832679,0.591449741872,0.599903192563,
    0.613183083812,0.627671263038,0.676022567135,0.694402434713,
    0.713541933286,0.761874240148,0.778275885881,0.794677618115,
    0.829952087351,0.873188524064,0.897471403594,0.915131580488,
    0.950728701658,1.),.UNSPECIFIED.);
#2406 = CARTESIAN_POINT('',(66.451860245894,0.121667275229,
    -27.82963071942));
#2407 = CARTESIAN_POINT('',(66.402349827387,0.135561517891,
    -27.83040425223));
#2408 = CARTESIAN_POINT('',(66.046955282372,0.235119168716,
    -27.83595801441));
#2409 = CARTESIAN_POINT('',(65.583463684636,0.365483105666,
    -27.84319744857));
#2410 = CARTESIAN_POINT('',(65.135303237142,0.492061660837,
    -27.85019384265));
#2411 = CARTESIAN_POINT('',(64.757477873882,0.599123462157,
    -27.85608984199));
#2412 = CARTESIAN_POINT('',(64.442501861725,0.688392275084,
    -27.86100496139));
#2413 = CARTESIAN_POINT('',(64.126334402268,0.77764184431,
    -27.86594109722));
#2414 = CARTESIAN_POINT('',(63.278405469238,1.016402953105,
    -27.87918336675));
#2415 = CARTESIAN_POINT('',(62.862506910412,1.133106407926,
    -27.88568129149));
#2416 = CARTESIAN_POINT('',(62.446482508426,1.249227757029,
    -27.89218537591));
#2417 = CARTESIAN_POINT('',(62.030196214501,1.364593657526,
    -27.89869918224));
#2418 = CARTESIAN_POINT('',(61.613511979857,1.479030766528,
    -27.90522627275));
#2419 = CARTESIAN_POINT('',(61.196293755714,1.592365741146,
    -27.91177020966));
#2420 = CARTESIAN_POINT('',(60.77840549329,1.704425238492,
    -27.91833455523));
#2421 = CARTESIAN_POINT('',(58.705857340869,2.251951028894,
    -27.95094689679));
#2422 = CARTESIAN_POINT('',(57.045177457134,2.664741292255,
    -27.97725443783));
#2423 = CARTESIAN_POINT('',(55.375316701512,3.041445979337,
    -28.00396801128));
#2424 = CARTESIAN_POINT('',(53.694947076621,3.370724549122,
    -28.03118792186));
#2425 = CARTESIAN_POINT('',(52.00394733269,3.642827416055,
    -28.05898251457));
#2426 = CARTESIAN_POINT('',(50.303606843437,3.850637152294,
    -28.08737752886));
#2427 = CARTESIAN_POINT('',(48.596687078766,3.989895312382,
    -28.1163534805));
#2428 = CARTESIAN_POINT('',(46.544786875338,4.073045008237,
    -28.15175792757));
#2429 = CARTESIAN_POINT('',(46.20202941464,4.084085048614,
    -28.15769137997));
#2430 = CARTESIAN_POINT('',(45.859189631464,4.092412716635,
    -28.16364469799));
#2431 = CARTESIAN_POINT('',(45.516295302017,4.098153388732,
    -28.16961654315));
#2432 = CARTESIAN_POINT('',(45.173370719187,4.101425181781,
    -28.17560568735));
#2433 = CARTESIAN_POINT('',(44.830436692549,4.102338953098,
    -28.18161101286));
#2434 = CARTESIAN_POINT('',(44.487510548359,4.10099830044,
    -28.18763151231));
#2435 = CARTESIAN_POINT('',(42.992762674378,4.085747018906,
    -28.21393758686));
#2436 = CARTESIAN_POINT('',(41.841263089847,4.04963286203,
    -28.23436832194));
#2437 = CARTESIAN_POINT('',(40.690496309123,3.992774985864,
    -28.25492710323));
#2438 = CARTESIAN_POINT('',(39.540765431463,3.91791640762,
    -28.27558998681));
#2439 = CARTESIAN_POINT('',(38.392263628605,3.827317423421,
    -28.29633823444));
#2440 = CARTESIAN_POINT('',(37.245063332477,3.722921373571,
    -28.31715737717));
#2441 = CARTESIAN_POINT('',(36.099109790206,3.606443643061,
    -28.33803672385));
#2442 = CARTESIAN_POINT('',(34.370174185442,3.414794172784,
    -28.36964614232));
#2443 = CARTESIAN_POINT('',(33.791196200654,3.347870277632,
    -28.38025000417));
#2444 = CARTESIAN_POINT('',(33.217999124962,3.279142256372,
    -28.39076478209));
#2445 = CARTESIAN_POINT('',(32.651305965319,3.20899052741,
    -28.40117521815));
#2446 = CARTESIAN_POINT('',(32.091839728675,3.137795509148,
    -28.41146605445));
#2447 = CARTESIAN_POINT('',(31.540323421982,3.065937619991,
    -28.42162203307));
#2448 = CARTESIAN_POINT('',(30.997480052192,2.993797278343,
    -28.43162789611));
#2449 = CARTESIAN_POINT('',(29.9308505711,2.849748365346,-28.4513039799)
  );
#2450 = CARTESIAN_POINT('',(29.397824749211,2.776592951152,
    -28.46114463863));
#2451 = CARTESIAN_POINT('',(28.864928597657,2.702497608044,
    -28.47098940832));
#2452 = CARTESIAN_POINT('',(28.332132100108,2.627690236447,
    -28.48083726722));
#2453 = CARTESIAN_POINT('',(27.79939875483,2.552438886771,
    -28.49068703459));
#2454 = CARTESIAN_POINT('',(27.266684553927,2.47705890841,
    -28.50053734002));
#2455 = CARTESIAN_POINT('',(26.73393299945,2.401948155292,
    -28.51038647166));
#2456 = CARTESIAN_POINT('',(25.805147569842,2.272521949126,
    -28.52754687215));
#2457 = CARTESIAN_POINT('',(25.409170532748,2.217822563828,
    -28.53485975234));
#2458 = CARTESIAN_POINT('',(25.013080198576,2.163937753883,
    -28.54216908596));
#2459 = CARTESIAN_POINT('',(24.616935265685,2.11046492132,
    -28.54947657852));
#2460 = CARTESIAN_POINT('',(24.220663930712,2.057920413962,
    -28.55677998165));
#2461 = CARTESIAN_POINT('',(23.82430930932,2.006020940665,
    -28.56408046368));
#2462 = CARTESIAN_POINT('',(23.427840508618,1.955000789477,
    -28.57137697486));
#2463 = CARTESIAN_POINT('',(22.698093398902,1.862787942792,
    -28.5847955382));
#2464 = CARTESIAN_POINT('',(22.364848116489,1.821333448831,
    -28.59091878957));
#2465 = CARTESIAN_POINT('',(22.031517081574,1.780569791622,
    -28.59703885196));
#2466 = CARTESIAN_POINT('',(21.698095550883,1.74054881431,
    -28.60315545642));
#2467 = CARTESIAN_POINT('',(21.364578658457,1.701329054913,
    -28.60926829063));
#2468 = CARTESIAN_POINT('',(21.030961336617,1.662976382767,
    -28.61537699606));
#2469 = CARTESIAN_POINT('',(20.697238236922,1.625564634962,
    -28.62148116496));
#2470 = CARTESIAN_POINT('',(20.02754756811,1.552567524902,
    -28.63371644276));
#2471 = CARTESIAN_POINT('',(19.691578311114,1.516994453823,
    -28.63984749778));
#2472 = CARTESIAN_POINT('',(19.355490998243,1.482539956189,
    -28.64597302489));
#2473 = CARTESIAN_POINT('',(19.0192811068,1.44929607259,-28.65209247823)
  );
#2474 = CARTESIAN_POINT('',(18.68294502959,1.417357330938,
    -28.65820527901));
#2475 = CARTESIAN_POINT('',(18.346480007785,1.386821185833,
    -28.66431081366));
#2476 = CARTESIAN_POINT('',(18.009885949562,1.357768268855,
    -28.67040853615));
#2477 = CARTESIAN_POINT('',(17.564385342242,1.321286819924,
    -28.67846581302));
#2478 = CARTESIAN_POINT('',(17.457633091243,1.312700509333,
    -28.68039546685));
#2479 = CARTESIAN_POINT('',(17.352835332412,1.304419346906,
    -28.68228878645));
#2480 = CARTESIAN_POINT('',(17.249912507475,1.296426426661,
    -28.68414728125));
#2481 = CARTESIAN_POINT('',(17.148785058154,1.288704842616,
    -28.68597246073));
#2482 = CARTESIAN_POINT('',(17.049373426177,1.281237688791,
    -28.68776583434));
#2483 = CARTESIAN_POINT('',(16.951598053266,1.274008059204,
    -28.68952891154));
#2484 = CARTESIAN_POINT('',(16.717893749633,1.256983961112,
    -28.69374130698));
#2485 = CARTESIAN_POINT('',(16.583653612816,1.247417521593,
    -28.69615947238));
#2486 = CARTESIAN_POINT('',(16.452348355793,1.238268251558,
    -28.69852335678));
#2487 = CARTESIAN_POINT('',(16.323712355886,1.229464490345,
    -28.70083810318));
#2488 = CARTESIAN_POINT('',(16.197522469318,1.22094010445,
    -28.70310807242));
#2489 = CARTESIAN_POINT('',(16.073596412841,1.212660971757,
    -28.70533669161));
#2490 = CARTESIAN_POINT('',(15.95179204031,1.204632239951,
    -28.70752641759));
#2491 = CARTESIAN_POINT('',(15.700264881452,1.188367205845,
    -28.71204608681));
#2492 = CARTESIAN_POINT('',(15.570995049934,1.180182373876,
    -28.71436774031));
#2493 = CARTESIAN_POINT('',(15.444050505647,1.172342244835,
    -28.71664629097));
#2494 = CARTESIAN_POINT('',(15.319283734594,1.16485720036,
    -28.71888425417));
#2495 = CARTESIAN_POINT('',(15.196547222777,1.157737622089,
    -28.72108414527));
#2496 = CARTESIAN_POINT('',(15.0756934562,1.150993891661,-28.72324847963
    ));
#2497 = CARTESIAN_POINT('',(14.956574920864,1.144636390714,
    -28.72537977262));
#2498 = CARTESIAN_POINT('',(14.578885102274,1.125480841267,
    -28.73213066836));
#2499 = CARTESIAN_POINT('',(14.318640526213,1.113830516052,
    -28.73677180807));
#2500 = CARTESIAN_POINT('',(14.058308546341,1.104082605841,
    -28.74140155867));
#2501 = CARTESIAN_POINT('',(13.797895920984,1.096623142325,
    -28.74601717975));
#2502 = CARTESIAN_POINT('',(13.537418080242,1.091841244559,
    -28.75061575793));
#2503 = CARTESIAN_POINT('',(13.276901470697,1.090031163051,
    -28.75519483104));
#2504 = CARTESIAN_POINT('',(13.016385927674,1.091314934462,
    -28.7597528719));
#2505 = CARTESIAN_POINT('',(12.601861893093,1.09826090496,
    -28.76697217814));
#2506 = CARTESIAN_POINT('',(12.447816170306,1.101920129694,
    -28.76964770044));
#2507 = CARTESIAN_POINT('',(12.293797418715,1.106654750946,
    -28.77231544581));
#2508 = CARTESIAN_POINT('',(12.139813732198,1.112444221628,
    -28.77497541193));
#2509 = CARTESIAN_POINT('',(11.985871719555,1.119253563623,
    -28.77762772052));
#2510 = CARTESIAN_POINT('',(11.831976669556,1.127037210902,
    -28.78027258836));
#2511 = CARTESIAN_POINT('',(11.67813271598,1.135742852635,
    -28.78291029827));
#2512 = CARTESIAN_POINT('',(11.254506645981,1.162110859524,
    -28.79015724537));
#2513 = CARTESIAN_POINT('',(10.984841223901,1.181574873226,
    -28.79475220009));
#2514 = CARTESIAN_POINT('',(10.715395380746,1.204095970984,
    -28.79932254183));
#2515 = CARTESIAN_POINT('',(10.4462334765,1.230003800063,-28.80386490342
    ));
#2516 = CARTESIAN_POINT('',(10.177439995381,1.259618419293,
    -28.80837563002));
#2517 = CARTESIAN_POINT('',(9.909121186423,1.293267372029,
    -28.81285063442));
#2518 = CARTESIAN_POINT('',(9.641405690042,1.331291601909,
    -28.81728534591));
#2519 = CARTESIAN_POINT('',(9.087754645165,1.419992388234,
    -28.82638822598));
#2520 = CARTESIAN_POINT('',(8.801969415679,1.471390870338,
    -28.83104885616));
#2521 = CARTESIAN_POINT('',(8.517247374478,1.52871698935,-28.83565058827
    ));
#2522 = CARTESIAN_POINT('',(8.233823384363,1.592464575589,-28.8401859511
    ));
#2523 = CARTESIAN_POINT('',(7.952011357889,1.663167506043,
    -28.84464581576));
#2524 = CARTESIAN_POINT('',(7.672206061025,1.741407413499,
    -28.84901931164));
#2525 = CARTESIAN_POINT('',(7.39488537513,1.827822744479,-28.85329372528
    ));
#2526 = CARTESIAN_POINT('',(7.036887142695,1.952209870907,-28.8587244867
    ));
#2527 = CARTESIAN_POINT('',(6.95351041352,1.982105577066,-28.85998300342
    ));
#2528 = CARTESIAN_POINT('',(6.870509260376,2.012820243136,
    -28.86122937401));
#2529 = CARTESIAN_POINT('',(6.787910113934,2.044367827787,
    -28.86246304032));
#2530 = CARTESIAN_POINT('',(6.705739404869,2.076762289687,
    -28.86368344424));
#2531 = CARTESIAN_POINT('',(6.624023563852,2.110017587506,
    -28.86489002762));
#2532 = CARTESIAN_POINT('',(6.542789021556,2.144147679914,
    -28.86608223235));
#2533 = CARTESIAN_POINT('',(6.335182904802,2.234206066965,
    -28.86910982649));
#2534 = CARTESIAN_POINT('',(6.209612393292,2.291422553738,
    -28.87092242406));
#2535 = CARTESIAN_POINT('',(6.085396973104,2.350864661694,
    -28.87269615079));
#2536 = CARTESIAN_POINT('',(5.962595832716,2.412640278536,
    -28.87442923634));
#2537 = CARTESIAN_POINT('',(5.841258955415,2.476871267225,
    -28.87611997683));
#2538 = CARTESIAN_POINT('',(5.721417435086,2.543672867053,
    -28.87776704448));
#2539 = CARTESIAN_POINT('',(5.603086202495,2.613157732413,
    -28.87936941239));
#2540 = CARTESIAN_POINT('',(5.358865163752,2.764337494446,
    -28.88262371685));
#2541 = CARTESIAN_POINT('',(5.233290258291,2.846550187282,
    -28.88426661638));
#2542 = CARTESIAN_POINT('',(5.109596330589,2.932253817928,
    -28.88585283236));
#2543 = CARTESIAN_POINT('',(4.987825265574,3.021599516513,
    -28.88738060408));
#2544 = CARTESIAN_POINT('',(4.868018948176,3.114738413163,
    -28.88884817083));
#2545 = CARTESIAN_POINT('',(4.750219263325,3.211821638008,
    -28.89025377189));
#2546 = CARTESIAN_POINT('',(4.634468095951,3.313000321174,
    -28.89159564656));
#2547 = CARTESIAN_POINT('',(4.207604430852,3.708934818431,-28.8963892398
    ));
#2548 = CARTESIAN_POINT('',(3.917872311693,4.024641780927,
    -28.89932386577));
#2549 = CARTESIAN_POINT('',(3.654340387376,4.363007227652,-28.9016453129
    ));
#2550 = CARTESIAN_POINT('',(3.417161797445,4.720495232484,
    -28.90337491284));
#2551 = CARTESIAN_POINT('',(3.204958548917,5.093222588398,
    -28.90456319626));
#2552 = CARTESIAN_POINT('',(3.015834298514,5.477665730624,
    -28.90526733767));
#2553 = CARTESIAN_POINT('',(2.847654856939,5.870846226897,
    -28.90554497838));
#2554 = CARTESIAN_POINT('',(2.653390757731,6.390749364317,
    -28.90541917101));
#2555 = CARTESIAN_POINT('',(2.610156400579,6.511595417754,
    -28.90535626605));
#2556 = CARTESIAN_POINT('',(2.568553263819,6.633020010748,
    -28.90526083682));
#2557 = CARTESIAN_POINT('',(2.52852673914,6.754975111259,-28.90513416682
    ));
#2558 = CARTESIAN_POINT('',(2.490021198693,6.87741636188,-28.90497753247
    ));
#2559 = CARTESIAN_POINT('',(2.45297999509,7.000303079826,-28.9047922031)
  );
#2560 = CARTESIAN_POINT('',(2.417345461404,7.123598256946,
    -28.90457944096));
#2561 = CARTESIAN_POINT('',(2.261541819674,7.685576158331,
    -28.90349365996));
#2562 = CARTESIAN_POINT('',(2.156838758615,8.128367736316,
    -28.90232161841));
#2563 = CARTESIAN_POINT('',(2.065241690955,8.574209724672,
    -28.90089911419));
#2564 = CARTESIAN_POINT('',(1.984871502065,9.022203013253,
    -28.89926519441));
#2565 = CARTESIAN_POINT('',(1.914225453995,9.471691093773,
    -28.89745066064));
#2566 = CARTESIAN_POINT('',(1.852301439744,9.922292197937,
    -28.89547567251));
#2567 = CARTESIAN_POINT('',(1.798284438908,10.373826700255,
    -28.89335573711));
#2568 = CARTESIAN_POINT('',(1.709860543202,11.230580223806,
    -28.88908668326));
#2569 = CARTESIAN_POINT('',(1.673994480363,11.635423101972,
    -28.88696569836));
#2570 = CARTESIAN_POINT('',(1.643565875542,12.040734122835,
    -28.8847462168));
#2571 = CARTESIAN_POINT('',(1.618279363676,12.44640647664,
    -28.88243414168));
#2572 = CARTESIAN_POINT('',(1.597928349973,12.852349101306,
    -28.88003371306));
#2573 = CARTESIAN_POINT('',(1.58237508298,13.258485276111,
    -28.87754786676));
#2574 = CARTESIAN_POINT('',(1.571544997202,13.664752163115,
    -28.87497833668));
#2575 = CARTESIAN_POINT('',(1.560864049089,14.375133023262,
    -28.87034064001));
#2576 = CARTESIAN_POINT('',(1.558935406258,14.679201137282,
    -28.86830920776));
#2577 = CARTESIAN_POINT('',(1.559647317135,14.983282695925,
    -28.86623139607));
#2578 = CARTESIAN_POINT('',(1.563020369171,15.287351959869,
    -28.86410701888));
#2579 = CARTESIAN_POINT('',(1.569097160994,15.591380417621,
    -28.86193552308));
#2580 = CARTESIAN_POINT('',(1.577945448855,15.895336712531,
    -28.8597159339));
#2581 = CARTESIAN_POINT('',(1.589665095429,16.199186472107,
    -28.85744673426));
#2582 = CARTESIAN_POINT('',(1.614885200026,16.719047260293,
    -28.85347372146));
#2583 = CARTESIAN_POINT('',(1.626904139562,16.935125305058,
    -28.85179542372));
#2584 = CARTESIAN_POINT('',(1.640490706013,17.151117103755,
    -28.85009023172));
#2585 = CARTESIAN_POINT('',(1.655705766289,17.367004514013,
    -28.84835720172));
#2586 = CARTESIAN_POINT('',(1.672652658181,17.582763088385,
    -28.84659468828));
#2587 = CARTESIAN_POINT('',(1.691471964202,17.798363944036,
    -28.84480042321));
#2588 = CARTESIAN_POINT('',(1.712314388861,18.013774735007,
    -28.8429719844));
#2589 = CARTESIAN_POINT('',(1.795666449908,18.79437442049,
    -28.83620898833));
#2590 = CARTESIAN_POINT('',(1.870842909706,19.358398673507,
    -28.8310602957));
#2591 = CARTESIAN_POINT('',(1.963270031177,19.920218981413,
    -28.82562417335));
#2592 = CARTESIAN_POINT('',(2.075603397066,20.478639087837,
    -28.81986219472));
#2593 = CARTESIAN_POINT('',(2.210522936519,21.032128066467,
    -28.81373777954));
#2594 = CARTESIAN_POINT('',(2.370361182912,21.578917614273,
    -28.80722204957));
#2595 = CARTESIAN_POINT('',(2.556272944623,22.117190639448,
    -28.80030710311));
#2596 = CARTESIAN_POINT('',(2.870093407303,22.899838817415,
    -28.78949015082));
#2597 = CARTESIAN_POINT('',(2.978228954459,23.152152933472,
    -28.78588084082));
#2598 = CARTESIAN_POINT('',(3.092337893265,23.401871026164,
    -28.7821844513));
#2599 = CARTESIAN_POINT('',(3.212327042612,23.648834733473,
    -28.77840369132));
#2600 = CARTESIAN_POINT('',(3.338043561079,23.892926403642,
    -28.77454203922));
#2601 = CARTESIAN_POINT('',(3.469281324431,24.13406572744,
    -28.77060365378));
#2602 = CARTESIAN_POINT('',(3.605790845768,24.372204711913,
    -28.76659323438));
#2603 = CARTESIAN_POINT('',(3.815077991858,24.719951410741,
    -28.76056258553));
#2604 = CARTESIAN_POINT('',(3.884332077314,24.832419090145,
    -28.7585846977));
#2605 = CARTESIAN_POINT('',(3.955098128625,24.944809900591,
    -28.75658082765));
#2606 = CARTESIAN_POINT('',(4.027404804498,25.057177637397,
    -28.75455010762));
#2607 = CARTESIAN_POINT('',(4.10126628842,25.169544024444,
    -28.75249214144));
#2608 = CARTESIAN_POINT('',(4.176682288662,25.281898714177,
    -28.7504070045));
#2609 = CARTESIAN_POINT('',(4.253638038276,25.394199287606,
    -28.74829524376));
#2610 = CARTESIAN_POINT('',(4.42177708737,25.634563599343,
    -28.74371525362));
#2611 = CARTESIAN_POINT('',(4.513424336684,25.762591612631,
    -28.74123913395));
#2612 = CARTESIAN_POINT('',(4.607019406589,25.890380418598,
    -28.73873049427));
#2613 = CARTESIAN_POINT('',(4.70253566063,26.017855141675,
    -28.73619031006));
#2614 = CARTESIAN_POINT('',(4.799946462357,26.144940906294,
    -28.73361955681));
#2615 = CARTESIAN_POINT('',(4.899225175316,26.271562836886,
    -28.73101921001));
#2616 = CARTESIAN_POINT('',(5.000345163055,26.397646057884,
    -28.72839024514));
#2617 = CARTESIAN_POINT('',(5.512990514391,27.022522525622,
    -28.71515954219));
#2618 = CARTESIAN_POINT('',(5.944445984714,27.503672394953,
    -28.70432826965));
#2619 = CARTESIAN_POINT('',(6.39703531148,27.96581468078,-28.69325562702
    ));
#2620 = CARTESIAN_POINT('',(6.870498065161,28.4072824531,-28.68195750138
    ));
#2621 = CARTESIAN_POINT('',(7.364676614774,28.825739902733,
    -28.67045252086));
#2622 = CARTESIAN_POINT('',(7.879439648823,29.218261620213,
    -28.65876285678));
#2623 = CARTESIAN_POINT('',(8.41469416704,29.581316161989,-28.6469141251
    ));
#2624 = CARTESIAN_POINT('',(9.096191016833,29.985290137224,
    -28.63222388252));
#2625 = CARTESIAN_POINT('',(9.222893984234,30.058051312435,
    -28.62950862071));
#2626 = CARTESIAN_POINT('',(9.3504942901,30.12895970711,-28.62679021297)
  );
#2627 = CARTESIAN_POINT('',(9.478974090088,30.197965160467,
    -28.6240693128));
#2628 = CARTESIAN_POINT('',(9.608315539857,30.265017511725,
    -28.6213465737));
#2629 = CARTESIAN_POINT('',(9.738500795064,30.330066600102,
    -28.61862264917));
#2630 = CARTESIAN_POINT('',(9.869512011367,30.393062264819,
    -28.61589819271));
#2631 = CARTESIAN_POINT('',(10.208412035075,30.549612347192,
    -28.60889408232));
#2632 = CARTESIAN_POINT('',(10.417615737823,30.640164922147,
    -28.60461176729));
#2633 = CARTESIAN_POINT('',(10.628782529592,30.72519949125,
    -28.60033251836));
#2634 = CARTESIAN_POINT('',(10.84163392407,30.804835584513,
    -28.59606040548));
#2635 = CARTESIAN_POINT('',(11.056229282979,30.878544637597,
    -28.59179797808));
#2636 = CARTESIAN_POINT('',(11.272674969509,30.946021143261,
    -28.58754544664));
#2637 = CARTESIAN_POINT('',(11.490853004757,31.007894957823,
    -28.58330060132));
#2638 = CARTESIAN_POINT('',(11.951043504513,31.125365741975,
    -28.57443573272));
#2639 = CARTESIAN_POINT('',(12.193420474377,31.179922721351,
    -28.56981638343));
#2640 = CARTESIAN_POINT('',(12.438161271679,31.22788957334,
    -28.56520035731));
#2641 = CARTESIAN_POINT('',(12.685360270462,31.269410370061,
    -28.56058502147));
#2642 = CARTESIAN_POINT('',(12.93511184477,31.304629183634,
    -28.55596774302));
#2643 = CARTESIAN_POINT('',(13.187510368646,31.333690086176,
    -28.55134588906));
#2644 = CARTESIAN_POINT('',(13.442650216135,31.356737149809,
    -28.5467168267));
#2645 = CARTESIAN_POINT('',(14.561565830945,31.431240125059,
    -28.52659654082));
#2646 = CARTESIAN_POINT('',(15.424960090696,31.421251504609,
    -28.51152933831));
#2647 = CARTESIAN_POINT('',(16.286838318958,31.356796781196,
    -28.49685864698));
#2648 = CARTESIAN_POINT('',(17.144643151078,31.250623123224,
    -28.48254271748));
#2649 = CARTESIAN_POINT('',(17.996991945844,31.112808149801,
    -28.46853733956));
#2650 = CARTESIAN_POINT('',(18.843755604267,30.951082297932,
    -28.45479227091));
#2651 = CARTESIAN_POINT('',(19.686115883964,30.771079547043,
    -28.4412485295));
#2652 = CARTESIAN_POINT('',(20.846139238905,30.502887084419,
    -28.42273523597));
#2653 = CARTESIAN_POINT('',(21.165178268519,30.427004614875,
    -28.41765797258));
#2654 = CARTESIAN_POINT('',(21.483781917689,30.34929882466,
    -28.41260072533));
#2655 = CARTESIAN_POINT('',(21.802022896584,30.270115797074,
    -28.40755986903));
#2656 = CARTESIAN_POINT('',(22.119916976296,30.189562122434,
    -28.40253440326));
#2657 = CARTESIAN_POINT('',(22.437466684578,30.107674112019,
    -28.39752403706));
#2658 = CARTESIAN_POINT('',(22.754714615975,30.024631237247,
    -28.39252680481));
#2659 = CARTESIAN_POINT('',(23.401735617971,29.852878844472,
    -28.38235126634));
#2660 = CARTESIAN_POINT('',(23.734653083486,29.763241443412,
    -28.37712414204));
#2661 = CARTESIAN_POINT('',(24.070129143189,29.671726953494,
    -28.37186491559));
#2662 = CARTESIAN_POINT('',(24.40786534027,29.578480809226,
    -28.36657783105));
#2663 = CARTESIAN_POINT('',(24.747563217917,29.483648445116,
    -28.36126713249));
#2664 = CARTESIAN_POINT('',(25.088924319322,29.387375295675,
    -28.35593706398));
#2665 = CARTESIAN_POINT('',(25.431650187673,29.28980679541,
    -28.35059186957));
#2666 = CARTESIAN_POINT('',(26.643608739718,28.941798211436,
    -28.33171028118));
#2667 = CARTESIAN_POINT('',(27.510341953915,28.687539010008,
    -28.31824364174));
#2668 = CARTESIAN_POINT('',(28.375925092022,28.429370587974,
    -28.30482371435));
#2669 = CARTESIAN_POINT('',(29.240577550228,28.168106305884,
    -28.29144112868));
#2670 = CARTESIAN_POINT('',(30.104502717961,27.904470533889,
    -28.27808739944));
#2671 = CARTESIAN_POINT('',(30.967903796858,27.639150924493,
    -28.26475429401));
#2672 = CARTESIAN_POINT('',(31.831002834023,27.372860713741,
    -28.25143307563));
#2673 = CARTESIAN_POINT('',(32.986990787291,27.016145248677,
    -28.23359177268));
#2674 = CARTESIAN_POINT('',(33.276997689327,26.926649696052,
    -28.2291158944));
#2675 = CARTESIAN_POINT('',(33.563894345386,26.838148386559,
    -28.22468778488));
#2676 = CARTESIAN_POINT('',(33.847456672119,26.750751132284,
    -28.22031062638));
#2677 = CARTESIAN_POINT('',(34.127460486718,26.664567376875,
    -28.21598760542));
#2678 = CARTESIAN_POINT('',(34.40368140866,26.57970586675,
    -28.21172191672));
#2679 = CARTESIAN_POINT('',(34.67589508524,26.496275398606,
    -28.20751675415));
#2680 = CARTESIAN_POINT('',(35.211861809822,26.332497456,-28.19923380153
    ));
#2681 = CARTESIAN_POINT('',(35.475654527218,26.252144707702,
    -28.19515535191));
#2682 = CARTESIAN_POINT('',(35.735631040572,26.173370062569,
    -28.19113308068));
#2683 = CARTESIAN_POINT('',(35.992166497389,26.096215184828,
    -28.18716012864));
#2684 = CARTESIAN_POINT('',(36.245636045178,26.020721738705,
    -28.18322963658));
#2685 = CARTESIAN_POINT('',(36.496414831445,25.946931388426,
    -28.17933474529));
#2686 = CARTESIAN_POINT('',(36.744878003697,25.874885798216,
    -28.17546859555));
#2687 = CARTESIAN_POINT('',(37.521586026205,25.653523398125,
    -28.16335663487));
#2688 = CARTESIAN_POINT('',(38.053338766507,25.50767796647,
    -28.15502575394));
#2689 = CARTESIAN_POINT('',(38.587043318407,25.368858287891,
    -28.14661293917));
#2690 = CARTESIAN_POINT('',(39.123025723602,25.238930378097,
    -28.13809980113));
#2691 = CARTESIAN_POINT('',(39.661511977296,25.119681623789,
    -28.12947023818));
#2692 = CARTESIAN_POINT('',(40.202513047214,25.012321414246,
    -28.12071584385));
#2693 = CARTESIAN_POINT('',(40.745798262241,24.917412049582,
    -28.11183684258));
#2694 = CARTESIAN_POINT('',(41.95909324081,24.733998379144,
    -28.09181389288));
#2695 = CARTESIAN_POINT('',(42.630075507189,24.65176715077,
    -28.08061028982));
#2696 = CARTESIAN_POINT('',(43.303174590882,24.588394956601,
    -28.06924148838));
#2697 = CARTESIAN_POINT('',(43.977730292902,24.542720925073,
    -28.05772694634));
#2698 = CARTESIAN_POINT('',(44.653140163037,24.512862026376,
    -28.04609001408));
#2699 = CARTESIAN_POINT('',(45.328926167689,24.497024427962,
    -28.03435125515));
#2700 = CARTESIAN_POINT('',(46.004734270254,24.493504003818,
    -28.0225284502));
#2701 = CARTESIAN_POINT('',(47.05979813732,24.504916046049,
    -28.00395598225));
#2702 = CARTESIAN_POINT('',(47.448916801187,24.51234170434,
    -27.99708441205));
#2703 = CARTESIAN_POINT('',(47.849238665814,24.524300828746,
    -27.98998566161));
#2704 = CARTESIAN_POINT('',(48.262340185655,24.542924487259,
    -27.98261762186));
#2705 = CARTESIAN_POINT('',(48.689777759261,24.569793208361,
    -27.97494227459));
#2706 = CARTESIAN_POINT('',(49.133108561095,24.606365809476,
    -27.96692241467));
#2707 = CARTESIAN_POINT('',(49.593914921486,24.654598898114,
    -27.95851701496));
#2708 = CARTESIAN_POINT('',(50.422718665271,24.760740348043,
    -27.94326741463));
#2709 = CARTESIAN_POINT('',(50.781751830818,24.81243488377,
    -27.93662255861));
#2710 = CARTESIAN_POINT('',(51.151450514556,24.871781363317,
    -27.92973876696));
#2711 = CARTESIAN_POINT('',(51.532415932486,24.939428186355,
    -27.92260109658));
#2712 = CARTESIAN_POINT('',(51.925249300608,25.016023752559,
    -27.91519460439));
#2713 = CARTESIAN_POINT('',(52.330551834921,25.102216461601,
    -27.9075043473));
#2714 = CARTESIAN_POINT('',(52.748924751426,25.198654713154,
    -27.89951538221));
#2715 = CARTESIAN_POINT('',(54.051829225937,25.522333386814,
    -27.87447741646));
#2716 = CARTESIAN_POINT('',(54.915378786218,25.767326145146,
    -27.85767564955));
#2717 = CARTESIAN_POINT('',(55.771633078033,26.03735672634,
    -27.84083170879));
#2718 = CARTESIAN_POINT('',(56.620796988839,26.32897016897,
    -27.8239654688));
#2719 = CARTESIAN_POINT('',(57.463105028747,26.639400248795,
    -27.80709160697));
#2720 = CARTESIAN_POINT('',(58.298898694756,26.966317595754,
    -27.79021995811));
#2721 = CARTESIAN_POINT('',(59.128624646049,27.307870114847,
    -27.77335527192));
#2722 = CARTESIAN_POINT('',(61.093719730954,28.15355831822,
    -27.73316379482));
#2723 = CARTESIAN_POINT('',(62.223666369165,28.66957837893,
    -27.70985133957));
#2724 = CARTESIAN_POINT('',(63.343935151365,29.206581318035,
    -27.68656601786));
#2725 = CARTESIAN_POINT('',(64.45541600919,29.761549631856,
    -27.66331272443));
#2726 = CARTESIAN_POINT('',(65.558841930531,30.332133407787,
    -27.64009457092));
#2727 = CARTESIAN_POINT('',(66.6548808217,30.916464521082,
    -27.61691253748));
#2728 = CARTESIAN_POINT('',(67.744178543952,31.513069597062,
    -27.59376530956));
#2729 = CARTESIAN_POINT('',(68.827398723489,32.12078784715,
    -27.57064913812));
#2730 = SURFACE_OF_LINEAR_EXTRUSION('',#2731,#2753);
#2731 = B_SPLINE_CURVE_WITH_KNOTS('',3,(#2732,#2733,#2734,#2735,#2736,
    #2737,#2738,#2739,#2740,#2741,#2742,#2743,#2744,#2745,#2746,#2747,
    #2748,#2749,#2750,#2751,#2752),.UNSPECIFIED.,.T.,.F.,(4,1,1,1,1,1,1,
    1,1,1,1,1,1,1,1,1,1,1,4),(0.,5.555555555556E-02,0.111111111111,
    0.166666666667,0.222222222222,0.277777777778,0.333333333333,
    0.388888888889,0.444444444444,0.5,0.555555555556,0.611111111111,
    0.666666666667,0.722222222222,0.777777777778,0.833333333333,
    0.888888888889,0.944444444444,1.),.UNSPECIFIED.);
#2732 = CARTESIAN_POINT('',(80.545676270297,39.339987536522,
    -19.31478459544));
#2733 = CARTESIAN_POINT('',(59.346961231683,25.427270289696,
    -19.78088742906));
#2734 = CARTESIAN_POINT('',(44.275585078817,23.606109429967,
    -20.05745357272));
#2735 = CARTESIAN_POINT('',(35.99441926152,25.925548878741,
    -20.18686624557));
#2736 = CARTESIAN_POINT('',(20.42571525133,30.895760987893,
    -20.42602316719));
#2737 = CARTESIAN_POINT('',(10.488363026352,32.221521940688,
    -20.59121739457));
#2738 = CARTESIAN_POINT('',(3.03584192466,25.099329823736,
    -20.77023204801));
#2739 = CARTESIAN_POINT('',(1.065437936959,17.954611898318,
    -20.85329980886));
#2740 = CARTESIAN_POINT('',(1.714660763511,5.681506317453,
    -20.92527846809));
#2741 = CARTESIAN_POINT('',(5.755517557451,1.690007840993,
    -20.88155383677));
#2742 = CARTESIAN_POINT('',(11.791524803382,0.94129381039,
    -20.78082970893));
#2743 = CARTESIAN_POINT('',(15.38316411736,1.090748567803,
    -20.71685423426));
#2744 = CARTESIAN_POINT('',(22.915671274364,1.688996390597,
    -20.5807482965));
#2745 = CARTESIAN_POINT('',(47.752324217521,5.575708323862,
    -20.1189704523));
#2746 = CARTESIAN_POINT('',(65.787381350073,6.73718140077E-02,
    -19.84023405013));
#2747 = CARTESIAN_POINT('',(84.859044000657,-4.849180049546,
    -19.5393068393));
#2748 = CARTESIAN_POINT('',(38.403961935822,-51.56770726086,
    -20.67096446034));
#2749 = CARTESIAN_POINT('',(-24.46274618075,-21.89264948324,
    -21.57144524255));
#2750 = CARTESIAN_POINT('',(-26.31037056242,55.522974998154,
    -21.07802404343));
#2751 = CARTESIAN_POINT('',(35.981659927388,70.633718497021,
    -19.88343053166));
#2752 = CARTESIAN_POINT('',(80.545676270297,39.339987536522,
    -19.31478459544));
#2753 = VECTOR('',#2754,1.);
#2754 = DIRECTION('',(-1.752660682543E-02,-6.790833489229E-03,
    0.999823335712));
#2755 = ADVANCED_FACE('',(#2756),#2985,.F.);
#2756 = FACE_BOUND('',#2757,.F.);
#2757 = EDGE_LOOP('',(#2758,#2768,#2769,#2770));
#2758 = ORIENTED_EDGE('',*,*,#2759,.F.);
#2759 = EDGE_CURVE('',#1439,#2760,#2762,.T.);
#2760 = VERTEX_POINT('',#2761);
#2761 = CARTESIAN_POINT('',(39.662787906335,25.130770219163,
    -28.12937255741));
#2762 = B_SPLINE_CURVE_WITH_KNOTS('',4,(#2763,#2764,#2765,#2766,#2767),
  .UNSPECIFIED.,.F.,.F.,(5,5),(0.,1.),.PIECEWISE_BEZIER_KNOTS.);
#2763 = CARTESIAN_POINT('',(39.522570734019,25.076441892479,
    -20.13054137852));
#2764 = CARTESIAN_POINT('',(39.557626090621,25.090024389762,
    -22.13031029679));
#2765 = CARTESIAN_POINT('',(39.592681447226,25.103606887046,
    -24.13007921523));
#2766 = CARTESIAN_POINT('',(39.627736803826,25.117189384329,
    -26.12984813342));
#2767 = CARTESIAN_POINT('',(39.662792160428,25.130771881612,
    -28.12961705169));
#2768 = ORIENTED_EDGE('',*,*,#1438,.F.);
#2769 = ORIENTED_EDGE('',*,*,#2394,.F.);
#2770 = ORIENTED_EDGE('',*,*,#2771,.F.);
#2771 = EDGE_CURVE('',#2760,#2395,#2772,.T.);
#2772 = B_SPLINE_CURVE_WITH_KNOTS('',8,(#2773,#2774,#2775,#2776,#2777,
    #2778,#2779,#2780,#2781,#2782,#2783,#2784,#2785,#2786,#2787,#2788,
    #2789,#2790,#2791,#2792,#2793,#2794,#2795,#2796,#2797,#2798,#2799,
    #2800,#2801,#2802,#2803,#2804,#2805,#2806,#2807,#2808,#2809,#2810,
    #2811,#2812,#2813,#2814,#2815,#2816,#2817,#2818,#2819,#2820,#2821,
    #2822,#2823,#2824,#2825,#2826,#2827,#2828,#2829,#2830,#2831,#2832,
    #2833,#2834,#2835,#2836,#2837,#2838,#2839,#2840,#2841,#2842,#2843,
    #2844,#2845,#2846,#2847,#2848,#2849,#2850,#2851,#2852,#2853,#2854,
    #2855,#2856,#2857,#2858,#2859,#2860,#2861,#2862,#2863,#2864,#2865,
    #2866,#2867,#2868,#2869,#2870,#2871,#2872,#2873,#2874,#2875,#2876,
    #2877,#2878,#2879,#2880,#2881,#2882,#2883,#2884,#2885,#2886,#2887,
    #2888,#2889,#2890,#2891,#2892,#2893,#2894,#2895,#2896,#2897,#2898,
    #2899,#2900,#2901,#2902,#2903,#2904,#2905,#2906,#2907,#2908,#2909,
    #2910,#2911,#2912,#2913,#2914,#2915,#2916,#2917,#2918,#2919,#2920,
    #2921,#2922,#2923,#2924,#2925,#2926,#2927,#2928,#2929,#2930,#2931,
    #2932,#2933,#2934,#2935,#2936,#2937,#2938,#2939,#2940,#2941,#2942,
    #2943,#2944,#2945,#2946,#2947,#2948,#2949,#2950,#2951,#2952,#2953,
    #2954,#2955,#2956,#2957,#2958,#2959,#2960,#2961,#2962,#2963,#2964,
    #2965,#2966,#2967,#2968,#2969,#2970,#2971,#2972,#2973,#2974,#2975,
    #2976,#2977,#2978,#2979,#2980,#2981,#2982,#2983,#2984),
  .UNSPECIFIED.,.F.,.F.,(9,7,7,7,7,7,7,7,7,7,7,7,7,7,7,7,7,7,7,7,7,7,7,7
    ,7,7,7,7,7,7,9),(0.,2.501705333089E-02,3.790404369984E-02,
    5.079285744142E-02,7.252603081744E-02,8.866580719937E-02,
    0.110550700578,0.125802068352,0.144263747209,0.160795617549,
    0.178103944223,0.2373664241,0.299490270618,0.329823970318,
    0.36953697463,0.397200007133,0.422992185005,0.46423929164,
    0.541618733953,0.564176475983,0.572542828058,0.579863263187,
    0.628720184028,0.661854283084,0.675056694189,0.718161153366,
    0.760221411776,0.780574922125,0.789170398672,0.873198448108,1.),
  .UNSPECIFIED.);
#2773 = CARTESIAN_POINT('',(42.058730991816,32.12238123964,
    -28.03988512948));
#2774 = CARTESIAN_POINT('',(42.206906479483,31.901281302659,
    -28.03878937524));
#2775 = CARTESIAN_POINT('',(42.35285475609,31.678697376909,
    -28.03774274265));
#2776 = CARTESIAN_POINT('',(42.49648605658,31.454596759075,
    -28.03674702739));
#2777 = CARTESIAN_POINT('',(42.63768453517,31.228941529664,
    -28.03580451776));
#2778 = CARTESIAN_POINT('',(42.776309583218,31.001689159457,
    -28.03491796743));
#2779 = CARTESIAN_POINT('',(42.912186812396,30.772787003754,
    -28.03409079095));
#2780 = CARTESIAN_POINT('',(43.045088703152,30.542160684399,
    -28.03332748185));
#2781 = CARTESIAN_POINT('',(43.241473889876,30.189947423715,
    -28.03227715194));
#2782 = CARTESIAN_POINT('',(43.306154489967,30.071889861365,
    -28.03194517109));
#2783 = CARTESIAN_POINT('',(43.368738281684,29.95558086082,
    -28.03163807039));
#2784 = CARTESIAN_POINT('',(43.429217348511,29.841074818875,
    -28.03135561913));
#2785 = CARTESIAN_POINT('',(43.487584294481,29.728423340833,
    -28.03109759646));
#2786 = CARTESIAN_POINT('',(43.543832244173,29.617675240502,
    -28.03086379136));
#2787 = CARTESIAN_POINT('',(43.597954842713,29.5088765402,
    -28.03065400265));
#2788 = CARTESIAN_POINT('',(43.701945025067,29.295249289376,
    -28.03028204899));
#2789 = CARTESIAN_POINT('',(43.751831294256,29.190373518018,
    -28.03011987722));
#2790 = CARTESIAN_POINT('',(43.799622309453,29.087423477807,
    -28.02998135499));
#2791 = CARTESIAN_POINT('',(43.845335316772,28.986379489871,
    -28.02986631366));
#2792 = CARTESIAN_POINT('',(43.888987562326,28.887221875342,
    -28.02977458456));
#2793 = CARTESIAN_POINT('',(43.930596292229,28.789930955347,
    -28.02970599903));
#2794 = CARTESIAN_POINT('',(43.970178752594,28.694487051016,
    -28.02966038841));
#2795 = CARTESIAN_POINT('',(44.07110868112,28.443013823126,
    -28.02959913124));
#2796 = CARTESIAN_POINT('',(44.131292716425,28.284026287506,
    -28.02962397158));
#2797 = CARTESIAN_POINT('',(44.187929456006,28.123677160203,
    -28.02972024295));
#2798 = CARTESIAN_POINT('',(44.240496733854,27.961822597939,
    -28.02989807573));
#2799 = CARTESIAN_POINT('',(44.288268844329,27.798394103592,
    -28.03017065658));
#2800 = CARTESIAN_POINT('',(44.330306717846,27.633394434221,
    -28.03055442838));
#2801 = CARTESIAN_POINT('',(44.365372033389,27.46687277247,
    -28.03107076448));
#2802 = CARTESIAN_POINT('',(44.411152371588,27.174072433271,
    -28.0322569584));
#2803 = CARTESIAN_POINT('',(44.425774946492,27.048695443312,
    -28.0328521937));
#2804 = CARTESIAN_POINT('',(44.434822390716,26.922570425783,
    -28.03355024001));
#2805 = CARTESIAN_POINT('',(44.437333291089,26.795875569834,
    -28.03436674036));
#2806 = CARTESIAN_POINT('',(44.432129603447,26.6691053567,
    -28.03531898699));
#2807 = CARTESIAN_POINT('',(44.417819288433,26.543070703956,
    -28.03642587414));
#2808 = CARTESIAN_POINT('',(44.392914627732,26.418890834489,
    -28.03770587929));
#2809 = CARTESIAN_POINT('',(44.30650100189,26.133975446013,
    -28.04115583938));
#2810 = CARTESIAN_POINT('',(44.234784199985,25.974856821377,
    -28.04349375268));
#2811 = CARTESIAN_POINT('',(44.139161290829,25.829216238558,
    -28.04615918964));
#2812 = CARTESIAN_POINT('',(44.021036447125,25.701449947458,
    -28.04909767607));
#2813 = CARTESIAN_POINT('',(43.884806384602,25.592297434598,
    -28.05222711621));
#2814 = CARTESIAN_POINT('',(43.735954826286,25.500709126519,
    -28.05545851077));
#2815 = CARTESIAN_POINT('',(43.580104140206,25.424777328721,
    -28.05870625843));
#2816 = CARTESIAN_POINT('',(43.312384018564,25.318834218592,
    -28.06411888198));
#2817 = CARTESIAN_POINT('',(43.200143843948,25.281342030747,
    -28.06634106717));
#2818 = CARTESIAN_POINT('',(43.086239863267,25.249005720689,
    -28.0685573995));
#2819 = CARTESIAN_POINT('',(42.971163099596,25.221121131361,
    -28.07076405413));
#2820 = CARTESIAN_POINT('',(42.855278854184,25.197101929832,
    -28.07295860984));
#2821 = CARTESIAN_POINT('',(42.738833853467,25.176451896421,
    -28.07514011191));
#2822 = CARTESIAN_POINT('',(42.621960007196,25.158748880214,
    -28.07730911529));
#2823 = CARTESIAN_POINT('',(42.362701790448,25.125351731991,
    -28.08208066955));
#2824 = CARTESIAN_POINT('',(42.22025965456,25.110880938321,
    -28.0846759241));
#2825 = CARTESIAN_POINT('',(42.077507438019,25.099606752526,
    -28.08725490281));
#2826 = CARTESIAN_POINT('',(41.934566149225,25.091053217907,
    -28.08981871714));
#2827 = CARTESIAN_POINT('',(41.791522268181,25.084841192563,
    -28.09236842627));
#2828 = CARTESIAN_POINT('',(41.648430004815,25.080655446511,
    -28.09490522098));
#2829 = CARTESIAN_POINT('',(41.505312284407,25.078227371853,
    -28.09743052378));
#2830 = CARTESIAN_POINT('',(41.233972367568,25.076532697346,
    -28.10219854241));
#2831 = CARTESIAN_POINT('',(41.105778268442,25.076959409567,
    -28.10444284874));
#2832 = CARTESIAN_POINT('',(40.977590369762,25.078464510069,
    -28.10667972192));
#2833 = CARTESIAN_POINT('',(40.849415395149,25.08088062328,
    -28.10891018093));
#2834 = CARTESIAN_POINT('',(40.721260249528,25.084114860217,
    -28.11113473561));
#2835 = CARTESIAN_POINT('',(40.593128173856,25.088071563709,
    -28.11335397887));
#2836 = CARTESIAN_POINT('',(40.465016224035,25.092603482832,
    -28.11556896245));
#2837 = CARTESIAN_POINT('',(40.202817496751,25.103015396578,
    -28.12009451038));
#2838 = CARTESIAN_POINT('',(40.067135184971,25.10901453364,
    -28.12243223476));
#2839 = CARTESIAN_POINT('',(39.929929015556,25.115675249192,
    -28.12479217846));
#2840 = CARTESIAN_POINT('',(39.791250031179,25.122985391138,
    -28.12717352923));
#2841 = CARTESIAN_POINT('',(39.651149274514,25.130932807384,
    -28.12957547487));
#2842 = CARTESIAN_POINT('',(39.509677788235,25.139505345837,
    -28.13199720314));
#2843 = CARTESIAN_POINT('',(39.366886615015,25.148690854401,
    -28.13443790181));
#2844 = CARTESIAN_POINT('',(38.729576225374,25.19198486737,
    -28.14531570973));
#2845 = CARTESIAN_POINT('',(38.23674633914,25.2314967508,-28.15368650557
    ));
#2846 = CARTESIAN_POINT('',(37.7443247305,25.276013338913,
    -28.16201615231));
#2847 = CARTESIAN_POINT('',(37.252315018067,25.324892762795,
    -28.17030894611));
#2848 = CARTESIAN_POINT('',(36.760718952154,25.37765901402,
    -28.17856808934));
#2849 = CARTESIAN_POINT('',(36.269530307166,25.433939273423,
    -28.18679622335));
#2850 = CARTESIAN_POINT('',(35.778733753321,25.493453188754,
    -28.19499552101));
#2851 = CARTESIAN_POINT('',(34.774190554727,25.621519559443,
    -28.21173503457));
#2852 = CARTESIAN_POINT('',(34.260502783801,25.690367028658,
    -28.22027221468));
#2853 = CARTESIAN_POINT('',(33.747226144365,25.762261389179,
    -28.22878149318));
#2854 = CARTESIAN_POINT('',(33.234355772566,25.837016117,-28.23726422223
    ));
#2855 = CARTESIAN_POINT('',(32.721891609611,25.91449681311,
    -28.24572131569));
#2856 = CARTESIAN_POINT('',(32.209836944118,25.994610861533,
    -28.25415334496));
#2857 = CARTESIAN_POINT('',(31.698198270185,26.077306073337,
    -28.26256055067));
#2858 = CARTESIAN_POINT('',(30.937373045927,26.20421486624,
    -28.27503562266));
#2859 = CARTESIAN_POINT('',(30.687862208826,26.24646560863,
    -28.27912250525));
#2860 = CARTESIAN_POINT('',(30.438455589646,26.28933018509,
    -28.28320339175));
#2861 = CARTESIAN_POINT('',(30.189155322016,26.332810569694,
    -28.28727823135));
#2862 = CARTESIAN_POINT('',(29.939964136326,26.376911637147,
    -28.29134694307));
#2863 = CARTESIAN_POINT('',(29.690885462636,26.421641730653,
    -28.29540941013));
#2864 = CARTESIAN_POINT('',(29.441923533587,26.467013229798,
    -28.29946547424));
#2865 = CARTESIAN_POINT('',(28.867301076026,26.573305637781,
    -28.30881649408));
#2866 = CARTESIAN_POINT('',(28.541727449408,26.634696832189,
    -28.31410673224));
#2867 = CARTESIAN_POINT('',(28.216353769901,26.697140912274,
    -28.31938631416));
#2868 = CARTESIAN_POINT('',(27.89116666138,26.760545921862,
    -28.32465609887));
#2869 = CARTESIAN_POINT('',(27.566147588443,26.82480058373,
    -28.32991716711));
#2870 = CARTESIAN_POINT('',(27.24127223571,26.889771145365,
    -28.33517085355));
#2871 = CARTESIAN_POINT('',(26.916509887122,26.955298224726,
    -28.34041877919));
#2872 = CARTESIAN_POINT('',(26.365654338381,27.067094677305,
    -28.3493157885));
#2873 = CARTESIAN_POINT('',(26.139522669555,27.113174331525,
    -28.3529668351));
#2874 = CARTESIAN_POINT('',(25.913414750929,27.159369223124,
    -28.35661668267));
#2875 = CARTESIAN_POINT('',(25.687316180522,27.205608934957,
    -28.36026606195));
#2876 = CARTESIAN_POINT('',(25.461211151958,27.251815784008,
    -28.36391577764));
#2877 = CARTESIAN_POINT('',(25.235082404226,27.297904577125,
    -28.36756671096));
#2878 = CARTESIAN_POINT('',(25.008911171441,27.343782366748,
    -28.37121982218));
#2879 = CARTESIAN_POINT('',(24.57174333242,27.431832422636,
    -28.37828520594));
#2880 = CARTESIAN_POINT('',(24.360755721673,27.474045268583,
    -28.38169704518));
#2881 = CARTESIAN_POINT('',(24.149697586424,27.515905341989,
    -28.38511251674));
#2882 = CARTESIAN_POINT('',(23.938552039664,27.557324829902,
    -28.38853251307));
#2883 = CARTESIAN_POINT('',(23.727302121942,27.598210038577,
    -28.39195796783));
#2884 = CARTESIAN_POINT('',(23.515930901993,27.638461923132,
    -28.39538985054));
#2885 = CARTESIAN_POINT('',(23.304421577373,27.677976617198,
    -28.39882916121));
#2886 = CARTESIAN_POINT('',(22.754262403542,27.778486363195,
    -28.40779062296));
#2887 = CARTESIAN_POINT('',(22.415376834633,27.838163912726,
    -28.41332585466));
#2888 = CARTESIAN_POINT('',(22.076029750368,27.895238597106,
    -28.41888685534));
#2889 = CARTESIAN_POINT('',(21.736165434081,27.949241017301,
    -28.42447778986));
#2890 = CARTESIAN_POINT('',(21.395745607367,27.999686629051,
    -28.43010262027));
#2891 = CARTESIAN_POINT('',(21.054752118459,28.046093746305,
    -28.43576493641));
#2892 = CARTESIAN_POINT('',(20.713190282043,28.088005308334,
    -28.44146774946));
#2893 = CARTESIAN_POINT('',(19.729319202488,28.194443369859,
    -28.4579917871));
#2894 = CARTESIAN_POINT('',(19.085732601382,28.246610538035,
    -28.46891934837));
#2895 = CARTESIAN_POINT('',(18.440901820982,28.282391731925,
    -28.47998001382));
#2896 = CARTESIAN_POINT('',(17.79534261226,28.302500913569,
    -28.49115989324));
#2897 = CARTESIAN_POINT('',(17.149519112361,28.307503591104,
    -28.50244700948));
#2898 = CARTESIAN_POINT('',(16.503844355313,28.297823278391,
    -28.51383124566));
#2899 = CARTESIAN_POINT('',(15.858680512219,28.273719110304,
    -28.52530449298));
#2900 = CARTESIAN_POINT('',(15.02650044318,28.223987281726,
    -28.54023014326));
#2901 = CARTESIAN_POINT('',(14.838735043117,28.211538111617,
    -28.54360617026));
#2902 = CARTESIAN_POINT('',(14.65105237125,28.197865824939,
    -28.54698905452));
#2903 = CARTESIAN_POINT('',(14.463461796287,28.18296948424,
    -28.55037863816));
#2904 = CARTESIAN_POINT('',(14.275972974693,28.166846349419,
    -28.55377477052));
#2905 = CARTESIAN_POINT('',(14.08859587248,28.149491637134,
    -28.55717730938));
#2906 = CARTESIAN_POINT('',(13.901340786999,28.130898280215,
    -28.56058612225));
#2907 = CARTESIAN_POINT('',(13.644817272183,28.103697716772,
    -28.56526765059));
#2908 = CARTESIAN_POINT('',(13.575656002245,28.096190535832,
    -28.56653101619));
#2909 = CARTESIAN_POINT('',(13.5067380868,28.088536908432,
    -28.56779111052));
#2910 = CARTESIAN_POINT('',(13.438067053734,28.080738598739,
    -28.56904785976));
#2911 = CARTESIAN_POINT('',(13.369646430932,28.072797370922,
    -28.57030119009));
#2912 = CARTESIAN_POINT('',(13.301479746282,28.06471498915,
    -28.57155102768));
#2913 = CARTESIAN_POINT('',(13.233570527669,28.05649321759,
    -28.57279729871));
#2914 = CARTESIAN_POINT('',(13.10673110041,28.040819470715,
    -28.57512721289));
#2915 = CARTESIAN_POINT('',(13.047737465162,28.033398378046,
    -28.57621175815));
#2916 = CARTESIAN_POINT('',(12.988946451604,28.025874059832,
    -28.57729345262));
#2917 = CARTESIAN_POINT('',(12.93036152303,28.018248430049,
    -28.57837222259));
#2918 = CARTESIAN_POINT('',(12.871984551667,28.01052179923,
    -28.57944803313));
#2919 = CARTESIAN_POINT('',(12.813815818669,28.00269287446,
    -28.58052088811));
#2920 = CARTESIAN_POINT('',(12.75585401412,27.994758759376,
    -28.58159083014));
#2921 = CARTESIAN_POINT('',(12.312618175535,27.933030228158,
    -28.58977988531));
#2922 = CARTESIAN_POINT('',(11.928044269754,27.873332764787,
    -28.59692681909));
#2923 = CARTESIAN_POINT('',(11.544556698847,27.806313936948,
    -28.6041044367));
#2924 = CARTESIAN_POINT('',(11.162558043306,27.730522957084,
    -28.61131553481));
#2925 = CARTESIAN_POINT('',(10.782671101436,27.644361129062,
    -28.61856005435));
#2926 = CARTESIAN_POINT('',(10.405722003726,27.546151240668,
    -28.62583490519));
#2927 = CARTESIAN_POINT('',(10.032706625104,27.434282096706,
    -28.63313357321));
#2928 = CARTESIAN_POINT('',(9.415190535978,27.221397600774,
    -28.64540436589));
#2929 = CARTESIAN_POINT('',(9.167977438329,27.128479833013,
    -28.65036903882));
#2930 = CARTESIAN_POINT('',(8.923525636956,27.028290748557,
    -28.65533469408));
#2931 = CARTESIAN_POINT('',(8.682269068828,26.920512085593,
    -28.66029588651));
#2932 = CARTESIAN_POINT('',(8.444635097503,26.804925183359,
    -28.66524660971));
#2933 = CARTESIAN_POINT('',(8.211032294719,26.681437563248,
    -28.67018032967));
#2934 = CARTESIAN_POINT('',(7.981841879155,26.550102369025,
    -28.67509000277));
#2935 = CARTESIAN_POINT('',(7.667988174657,26.355756848693,
    -28.68191176648));
#2936 = CARTESIAN_POINT('',(7.579315591419,26.299167851347,
    -28.68385052495));
#2937 = CARTESIAN_POINT('',(7.491414240139,26.241376318108,
    -28.68578393162));
#2938 = CARTESIAN_POINT('',(7.404302724302,26.182395328825,
    -28.68771157153));
#2939 = CARTESIAN_POINT('',(7.317996485915,26.122241914483,
    -28.68963305831));
#2940 = CARTESIAN_POINT('',(7.23250761651,26.060937327205,
    -28.69154803567));
#2941 = CARTESIAN_POINT('',(7.147847066618,25.998504064972,
    -28.69345615883));
#2942 = CARTESIAN_POINT('',(6.790373065769,25.727493940898,
    -28.70156328195));
#2943 = CARTESIAN_POINT('',(6.52568186888,25.508177277364,
    -28.70769284631));
#2944 = CARTESIAN_POINT('',(6.270408840868,25.277711688286,
    -28.71373303683));
#2945 = CARTESIAN_POINT('',(6.024816919655,25.036877550509,
    -28.71967394395));
#2946 = CARTESIAN_POINT('',(5.789016276707,24.786496184415,
    -28.72550805795));
#2947 = CARTESIAN_POINT('',(5.562996265428,24.527397938907,
    -28.73122992572));
#2948 = CARTESIAN_POINT('',(5.346651844506,24.260395766845,
    -28.73683586698));
#2949 = CARTESIAN_POINT('',(4.937967962596,23.718773619795,
    -28.74767869005));
#2950 = CARTESIAN_POINT('',(4.745165290305,23.444483254664,
    -28.75292145309));
#2951 = CARTESIAN_POINT('',(4.561201824446,23.16407230276,
    -28.75805083869));
#2952 = CARTESIAN_POINT('',(4.385826050888,22.87818083441,
    -28.76306690844));
#2953 = CARTESIAN_POINT('',(4.218748561989,22.587398230356,
    -28.76797073247));
#2954 = CARTESIAN_POINT('',(4.059656895163,22.292254107453,
    -28.77276419099));
#2955 = CARTESIAN_POINT('',(3.908226224292,21.993211822757,
    -28.77744983097));
#2956 = CARTESIAN_POINT('',(3.694393870182,21.54425796799,
    -28.78424755835));
#2957 = CARTESIAN_POINT('',(3.626379617451,21.397032951306,
    -28.78643978528));
#2958 = CARTESIAN_POINT('',(3.560046084041,21.249035466423,
    -28.78860779633));
#2959 = CARTESIAN_POINT('',(3.495356631523,21.100308893511,
    -28.79075193911));
#2960 = CARTESIAN_POINT('',(3.43227504479,20.950894032451,
    -28.79287257136));
#2961 = CARTESIAN_POINT('',(3.370765532049,20.800829102827,
    -28.79497006091));
#2962 = CARTESIAN_POINT('',(3.310792724826,20.650149743933,
    -28.79704478569));
#2963 = CARTESIAN_POINT('',(3.227628811563,20.435010203319,
    -28.79996385939));
#2964 = CARTESIAN_POINT('',(3.203204235032,20.371027652918,
    -28.8008265866));
#2965 = CARTESIAN_POINT('',(3.17904472254,20.306944056747,
    -28.80168535362));
#2966 = CARTESIAN_POINT('',(3.15514740446,20.242761936818,
    -28.80254019363));
#2967 = CARTESIAN_POINT('',(3.131509767381,20.178483643971,
    -28.80339113471));
#2968 = CARTESIAN_POINT('',(3.1081296541,20.114111357876,-28.80423819989
    ));
#2969 = CARTESIAN_POINT('',(3.085005263627,20.049647087033,
    -28.80508140708));
#2970 = CARTESIAN_POINT('',(2.838560468786,19.354018659127,
    -28.81412624283));
#2971 = CARTESIAN_POINT('',(2.639408590459,18.714320916183,
    -28.82196216468));
#2972 = CARTESIAN_POINT('',(2.464999317985,18.067250973472,
    -28.82941442821));
#2973 = CARTESIAN_POINT('',(2.314076489597,17.414233843043,
    -28.83649537484));
#2974 = CARTESIAN_POINT('',(2.184826006,16.756634282191,-28.8432275357)
  );
#2975 = CARTESIAN_POINT('',(2.075353476786,16.095636142217,
    -28.84963607814));
#2976 = CARTESIAN_POINT('',(1.983842507419,15.432194964934,
    -28.85574635295));
#2977 = CARTESIAN_POINT('',(1.795092917989,13.763255463753,
    -28.87039057016));
#2978 = CARTESIAN_POINT('',(1.718660638198,12.755619265652,
    -28.87857430409));
#2979 = CARTESIAN_POINT('',(1.67346007391,11.745816742532,
    -28.88622526905));
#2980 = CARTESIAN_POINT('',(1.654663957109,10.735167005012,
    -28.89341912618));
#2981 = CARTESIAN_POINT('',(1.658556765559,9.724591344308,
    -28.90021475005));
#2982 = CARTESIAN_POINT('',(1.682104799875,8.714626370636,
    -28.90666167581));
#2983 = CARTESIAN_POINT('',(1.722897456802,7.705419403539,
    -28.91280116005));
#2984 = CARTESIAN_POINT('',(1.778988077953,6.696735340443,
    -28.91866892393));
#2985 = SURFACE_OF_LINEAR_EXTRUSION('',#2986,#3000);
#2986 = B_SPLINE_CURVE_WITH_KNOTS('',3,(#2987,#2988,#2989,#2990,#2991,
    #2992,#2993,#2994,#2995,#2996,#2997,#2998,#2999),.UNSPECIFIED.,.T.,
  .F.,(4,1,1,1,1,1,1,1,1,1,4),(0.,0.1,0.2,0.3,0.4,0.5,0.6,0.7,0.8,0.9,1.
    ),.QUASI_UNIFORM_KNOTS.);
#2987 = CARTESIAN_POINT('',(1.638775223349,6.642408672529,
    -20.92008223824));
#2988 = CARTESIAN_POINT('',(1.272809695347,13.223608669339,
    -20.88179777532));
#2989 = CARTESIAN_POINT('',(2.551848907562,21.023352641468,
    -20.80640047535));
#2990 = CARTESIAN_POINT('',(6.877447030574,26.690264455674,
    -20.69208416763));
#2991 = CARTESIAN_POINT('',(12.360917560566,28.152404324582,
    -20.58602965118));
#2992 = CARTESIAN_POINT('',(20.220691940925,28.456629447785,
    -20.44618382796));
#2993 = CARTESIAN_POINT('',(28.141594771198,26.445204340005,
    -20.32099441483));
#2994 = CARTESIAN_POINT('',(41.530152770483,24.514851895243,
    -20.09940797844));
#2995 = CARTESIAN_POINT('',(47.501062922162,25.733268370058,
    -19.98646416728));
#2996 = CARTESIAN_POINT('',(29.160173206783,49.377714796878,
    -20.14738065972));
#2997 = CARTESIAN_POINT('',(-6.369936174821,44.807135173914,
    -20.80125647899));
#2998 = CARTESIAN_POINT('',(-12.91666825158,9.156477114486,
    -21.15815921272));
#2999 = CARTESIAN_POINT('',(1.638775223349,6.642408672529,
    -20.92008223824));
#3000 = VECTOR('',#3001,1.);
#3001 = DIRECTION('',(-1.752660682543E-02,-6.790833489229E-03,
    0.999823335712));
#3002 = ADVANCED_FACE('',(#3003),#3344,.T.);
#3003 = FACE_BOUND('',#3004,.T.);
#3004 = EDGE_LOOP('',(#3005,#3015,#3342,#3343));
#3005 = ORIENTED_EDGE('',*,*,#3006,.F.);
#3006 = EDGE_CURVE('',#3007,#1662,#3009,.T.);
#3007 = VERTEX_POINT('',#3008);
#3008 = CARTESIAN_POINT('',(39.75354234966,25.111719680131,
    -28.1279110508));
#3009 = B_SPLINE_CURVE_WITH_KNOTS('',2,(#3010,#3011,#3012,#3013,#3014),
  .UNSPECIFIED.,.F.,.F.,(3,1,1,3),(-0.489600000125,-6.251523E-11,
    7.999999999999,8.489600000061),.UNSPECIFIED.);
#3010 = CARTESIAN_POINT('',(39.762123376367,25.115044472209,
    -28.61742455626));
#3011 = CARTESIAN_POINT('',(39.757832863015,25.113382076171,
    -28.37266780363));
#3012 = CARTESIAN_POINT('',(39.683435922358,25.084556346174,
    -24.12861770793));
#3013 = CARTESIAN_POINT('',(39.6090389817,25.055730616177,
    -19.88456761222));
#3014 = CARTESIAN_POINT('',(39.604748468349,25.054068220139,
    -19.6398108596));
#3015 = ORIENTED_EDGE('',*,*,#3016,.F.);
#3016 = EDGE_CURVE('',#2760,#3007,#3017,.T.);
#3017 = B_SPLINE_CURVE_WITH_KNOTS('',8,(#3018,#3019,#3020,#3021,#3022,
    #3023,#3024,#3025,#3026,#3027,#3028,#3029,#3030,#3031,#3032,#3033,
    #3034,#3035,#3036,#3037,#3038,#3039,#3040,#3041,#3042,#3043,#3044,
    #3045,#3046,#3047,#3048,#3049,#3050,#3051,#3052,#3053,#3054,#3055,
    #3056,#3057,#3058,#3059,#3060,#3061,#3062,#3063,#3064,#3065,#3066,
    #3067,#3068,#3069,#3070,#3071,#3072,#3073,#3074,#3075,#3076,#3077,
    #3078,#3079,#3080,#3081,#3082,#3083,#3084,#3085,#3086,#3087,#3088,
    #3089,#3090,#3091,#3092,#3093,#3094,#3095,#3096,#3097,#3098,#3099,
    #3100,#3101,#3102,#3103,#3104,#3105,#3106,#3107,#3108,#3109,#3110,
    #3111,#3112,#3113,#3114,#3115,#3116,#3117,#3118,#3119,#3120,#3121,
    #3122,#3123,#3124,#3125,#3126,#3127,#3128,#3129,#3130,#3131,#3132,
    #3133,#3134,#3135,#3136,#3137,#3138,#3139,#3140,#3141,#3142,#3143,
    #3144,#3145,#3146,#3147,#3148,#3149,#3150,#3151,#3152,#3153,#3154,
    #3155,#3156,#3157,#3158,#3159,#3160,#3161,#3162,#3163,#3164,#3165,
    #3166,#3167,#3168,#3169,#3170,#3171,#3172,#3173,#3174,#3175,#3176,
    #3177,#3178,#3179,#3180,#3181,#3182,#3183,#3184,#3185,#3186,#3187,
    #3188,#3189,#3190,#3191,#3192,#3193,#3194,#3195,#3196,#3197,#3198,
    #3199,#3200,#3201,#3202,#3203,#3204,#3205,#3206,#3207,#3208,#3209,
    #3210,#3211,#3212,#3213,#3214,#3215,#3216,#3217,#3218,#3219,#3220,
    #3221,#3222,#3223,#3224,#3225,#3226,#3227,#3228,#3229,#3230,#3231,
    #3232,#3233,#3234,#3235,#3236,#3237,#3238,#3239,#3240,#3241,#3242,
    #3243,#3244,#3245,#3246,#3247,#3248,#3249,#3250,#3251,#3252,#3253,
    #3254,#3255,#3256,#3257,#3258,#3259,#3260,#3261,#3262,#3263,#3264,
    #3265,#3266,#3267,#3268,#3269,#3270,#3271,#3272,#3273,#3274,#3275,
    #3276,#3277,#3278,#3279,#3280,#3281,#3282,#3283,#3284,#3285,#3286,
    #3287,#3288,#3289,#3290,#3291,#3292,#3293,#3294,#3295,#3296,#3297,
    #3298,#3299,#3300,#3301,#3302,#3303,#3304,#3305,#3306,#3307,#3308,
    #3309,#3310,#3311,#3312,#3313,#3314,#3315,#3316,#3317,#3318,#3319,
    #3320,#3321,#3322,#3323,#3324,#3325,#3326,#3327,#3328,#3329,#3330,
    #3331,#3332,#3333,#3334,#3335,#3336,#3337,#3338,#3339,#3340,#3341),
  .UNSPECIFIED.,.F.,.F.,(9,7,7,7,7,7,7,7,7,7,7,7,7,7,7,7,7,7,7,7,7,7,7,7
    ,7,7,7,7,7,7,7,7,7,7,7,7,7,7,7,7,7,7,7,7,7,7,9),(0.,
    1.800040719934E-02,3.53295220469E-02,0.103779986037,0.11750182058,
    0.163594563763,0.187107379537,0.210608498537,0.228069305515,
    0.242737907199,0.257495332927,0.262263190234,0.269075920636,
    0.276568766904,0.293154471212,0.302964929221,0.32017816273,
    0.338663657027,0.344306639747,0.353175783633,0.362850312494,
    0.389509384315,0.397527756669,0.425946167981,0.451334110185,
    0.470329450107,0.483848931909,0.519372383552,0.536511027683,
    0.544721146406,0.554103832679,0.591449741872,0.599903192563,
    0.613183083812,0.627671263038,0.676022567135,0.694402434713,
    0.713541933286,0.761874240148,0.778275885881,0.794677618115,
    0.829952087351,0.873188524064,0.897471403594,0.915131580488,
    0.950728701658,1.),.UNSPECIFIED.);
#3018 = CARTESIAN_POINT('',(66.451860245894,0.121667275229,
    -27.82963071942));
#3019 = CARTESIAN_POINT('',(66.402349827387,0.135561517891,
    -27.83040425223));
#3020 = CARTESIAN_POINT('',(66.046955282372,0.235119168716,
    -27.83595801441));
#3021 = CARTESIAN_POINT('',(65.583463684636,0.365483105666,
    -27.84319744857));
#3022 = CARTESIAN_POINT('',(65.135303237142,0.492061660837,
    -27.85019384265));
#3023 = CARTESIAN_POINT('',(64.757477873882,0.599123462157,
    -27.85608984199));
#3024 = CARTESIAN_POINT('',(64.442501861725,0.688392275084,
    -27.86100496139));
#3025 = CARTESIAN_POINT('',(64.126334402268,0.77764184431,
    -27.86594109722));
#3026 = CARTESIAN_POINT('',(63.278405469238,1.016402953105,
    -27.87918336675));
#3027 = CARTESIAN_POINT('',(62.862506910412,1.133106407926,
    -27.88568129149));
#3028 = CARTESIAN_POINT('',(62.446482508426,1.249227757029,
    -27.89218537591));
#3029 = CARTESIAN_POINT('',(62.030196214501,1.364593657526,
    -27.89869918224));
#3030 = CARTESIAN_POINT('',(61.613511979857,1.479030766528,
    -27.90522627275));
#3031 = CARTESIAN_POINT('',(61.196293755714,1.592365741146,
    -27.91177020966));
#3032 = CARTESIAN_POINT('',(60.77840549329,1.704425238492,
    -27.91833455523));
#3033 = CARTESIAN_POINT('',(58.705857340869,2.251951028894,
    -27.95094689679));
#3034 = CARTESIAN_POINT('',(57.045177457134,2.664741292255,
    -27.97725443783));
#3035 = CARTESIAN_POINT('',(55.375316701512,3.041445979337,
    -28.00396801128));
#3036 = CARTESIAN_POINT('',(53.694947076621,3.370724549122,
    -28.03118792186));
#3037 = CARTESIAN_POINT('',(52.00394733269,3.642827416055,
    -28.05898251457));
#3038 = CARTESIAN_POINT('',(50.303606843437,3.850637152294,
    -28.08737752886));
#3039 = CARTESIAN_POINT('',(48.596687078766,3.989895312382,
    -28.1163534805));
#3040 = CARTESIAN_POINT('',(46.544786875338,4.073045008237,
    -28.15175792757));
#3041 = CARTESIAN_POINT('',(46.20202941464,4.084085048614,
    -28.15769137997));
#3042 = CARTESIAN_POINT('',(45.859189631464,4.092412716635,
    -28.16364469799));
#3043 = CARTESIAN_POINT('',(45.516295302017,4.098153388732,
    -28.16961654315));
#3044 = CARTESIAN_POINT('',(45.173370719187,4.101425181781,
    -28.17560568735));
#3045 = CARTESIAN_POINT('',(44.830436692549,4.102338953098,
    -28.18161101286));
#3046 = CARTESIAN_POINT('',(44.487510548359,4.10099830044,
    -28.18763151231));
#3047 = CARTESIAN_POINT('',(42.992762674378,4.085747018906,
    -28.21393758686));
#3048 = CARTESIAN_POINT('',(41.841263089847,4.04963286203,
    -28.23436832194));
#3049 = CARTESIAN_POINT('',(40.690496309123,3.992774985864,
    -28.25492710323));
#3050 = CARTESIAN_POINT('',(39.540765431463,3.91791640762,
    -28.27558998681));
#3051 = CARTESIAN_POINT('',(38.392263628605,3.827317423421,
    -28.29633823444));
#3052 = CARTESIAN_POINT('',(37.245063332477,3.722921373571,
    -28.31715737717));
#3053 = CARTESIAN_POINT('',(36.099109790206,3.606443643061,
    -28.33803672385));
#3054 = CARTESIAN_POINT('',(34.370174185442,3.414794172784,
    -28.36964614232));
#3055 = CARTESIAN_POINT('',(33.791196200654,3.347870277632,
    -28.38025000417));
#3056 = CARTESIAN_POINT('',(33.217999124962,3.279142256372,
    -28.39076478209));
#3057 = CARTESIAN_POINT('',(32.651305965319,3.20899052741,
    -28.40117521815));
#3058 = CARTESIAN_POINT('',(32.091839728675,3.137795509148,
    -28.41146605445));
#3059 = CARTESIAN_POINT('',(31.540323421982,3.065937619991,
    -28.42162203307));
#3060 = CARTESIAN_POINT('',(30.997480052192,2.993797278343,
    -28.43162789611));
#3061 = CARTESIAN_POINT('',(29.9308505711,2.849748365346,-28.4513039799)
  );
#3062 = CARTESIAN_POINT('',(29.397824749211,2.776592951152,
    -28.46114463863));
#3063 = CARTESIAN_POINT('',(28.864928597657,2.702497608044,
    -28.47098940832));
#3064 = CARTESIAN_POINT('',(28.332132100108,2.627690236447,
    -28.48083726722));
#3065 = CARTESIAN_POINT('',(27.79939875483,2.552438886771,
    -28.49068703459));
#3066 = CARTESIAN_POINT('',(27.266684553927,2.47705890841,
    -28.50053734002));
#3067 = CARTESIAN_POINT('',(26.73393299945,2.401948155292,
    -28.51038647166));
#3068 = CARTESIAN_POINT('',(25.805147569842,2.272521949126,
    -28.52754687215));
#3069 = CARTESIAN_POINT('',(25.409170532748,2.217822563828,
    -28.53485975234));
#3070 = CARTESIAN_POINT('',(25.013080198576,2.163937753883,
    -28.54216908596));
#3071 = CARTESIAN_POINT('',(24.616935265685,2.11046492132,
    -28.54947657852));
#3072 = CARTESIAN_POINT('',(24.220663930712,2.057920413962,
    -28.55677998165));
#3073 = CARTESIAN_POINT('',(23.82430930932,2.006020940665,
    -28.56408046368));
#3074 = CARTESIAN_POINT('',(23.427840508618,1.955000789477,
    -28.57137697486));
#3075 = CARTESIAN_POINT('',(22.698093398902,1.862787942792,
    -28.5847955382));
#3076 = CARTESIAN_POINT('',(22.364848116489,1.821333448831,
    -28.59091878957));
#3077 = CARTESIAN_POINT('',(22.031517081574,1.780569791622,
    -28.59703885196));
#3078 = CARTESIAN_POINT('',(21.698095550883,1.74054881431,
    -28.60315545642));
#3079 = CARTESIAN_POINT('',(21.364578658457,1.701329054913,
    -28.60926829063));
#3080 = CARTESIAN_POINT('',(21.030961336617,1.662976382767,
    -28.61537699606));
#3081 = CARTESIAN_POINT('',(20.697238236922,1.625564634962,
    -28.62148116496));
#3082 = CARTESIAN_POINT('',(20.02754756811,1.552567524902,
    -28.63371644276));
#3083 = CARTESIAN_POINT('',(19.691578311114,1.516994453823,
    -28.63984749778));
#3084 = CARTESIAN_POINT('',(19.355490998243,1.482539956189,
    -28.64597302489));
#3085 = CARTESIAN_POINT('',(19.0192811068,1.44929607259,-28.65209247823)
  );
#3086 = CARTESIAN_POINT('',(18.68294502959,1.417357330938,
    -28.65820527901));
#3087 = CARTESIAN_POINT('',(18.346480007785,1.386821185833,
    -28.66431081366));
#3088 = CARTESIAN_POINT('',(18.009885949562,1.357768268855,
    -28.67040853615));
#3089 = CARTESIAN_POINT('',(17.564385342242,1.321286819924,
    -28.67846581302));
#3090 = CARTESIAN_POINT('',(17.457633091243,1.312700509333,
    -28.68039546685));
#3091 = CARTESIAN_POINT('',(17.352835332412,1.304419346906,
    -28.68228878645));
#3092 = CARTESIAN_POINT('',(17.249912507475,1.296426426661,
    -28.68414728125));
#3093 = CARTESIAN_POINT('',(17.148785058154,1.288704842616,
    -28.68597246073));
#3094 = CARTESIAN_POINT('',(17.049373426177,1.281237688791,
    -28.68776583434));
#3095 = CARTESIAN_POINT('',(16.951598053266,1.274008059204,
    -28.68952891154));
#3096 = CARTESIAN_POINT('',(16.717893749633,1.256983961112,
    -28.69374130698));
#3097 = CARTESIAN_POINT('',(16.583653612816,1.247417521593,
    -28.69615947238));
#3098 = CARTESIAN_POINT('',(16.452348355793,1.238268251558,
    -28.69852335678));
#3099 = CARTESIAN_POINT('',(16.323712355886,1.229464490345,
    -28.70083810318));
#3100 = CARTESIAN_POINT('',(16.197522469318,1.22094010445,
    -28.70310807242));
#3101 = CARTESIAN_POINT('',(16.073596412841,1.212660971757,
    -28.70533669161));
#3102 = CARTESIAN_POINT('',(15.95179204031,1.204632239951,
    -28.70752641759));
#3103 = CARTESIAN_POINT('',(15.700264881452,1.188367205845,
    -28.71204608681));
#3104 = CARTESIAN_POINT('',(15.570995049934,1.180182373876,
    -28.71436774031));
#3105 = CARTESIAN_POINT('',(15.444050505647,1.172342244835,
    -28.71664629097));
#3106 = CARTESIAN_POINT('',(15.319283734594,1.16485720036,
    -28.71888425417));
#3107 = CARTESIAN_POINT('',(15.196547222777,1.157737622089,
    -28.72108414527));
#3108 = CARTESIAN_POINT('',(15.0756934562,1.150993891661,-28.72324847963
    ));
#3109 = CARTESIAN_POINT('',(14.956574920864,1.144636390714,
    -28.72537977262));
#3110 = CARTESIAN_POINT('',(14.578885102274,1.125480841267,
    -28.73213066836));
#3111 = CARTESIAN_POINT('',(14.318640526213,1.113830516052,
    -28.73677180807));
#3112 = CARTESIAN_POINT('',(14.058308546341,1.104082605841,
    -28.74140155867));
#3113 = CARTESIAN_POINT('',(13.797895920984,1.096623142325,
    -28.74601717975));
#3114 = CARTESIAN_POINT('',(13.537418080242,1.091841244559,
    -28.75061575793));
#3115 = CARTESIAN_POINT('',(13.276901470697,1.090031163051,
    -28.75519483104));
#3116 = CARTESIAN_POINT('',(13.016385927674,1.091314934462,
    -28.7597528719));
#3117 = CARTESIAN_POINT('',(12.601861893093,1.09826090496,
    -28.76697217814));
#3118 = CARTESIAN_POINT('',(12.447816170306,1.101920129694,
    -28.76964770044));
#3119 = CARTESIAN_POINT('',(12.293797418715,1.106654750946,
    -28.77231544581));
#3120 = CARTESIAN_POINT('',(12.139813732198,1.112444221628,
    -28.77497541193));
#3121 = CARTESIAN_POINT('',(11.985871719555,1.119253563623,
    -28.77762772052));
#3122 = CARTESIAN_POINT('',(11.831976669556,1.127037210902,
    -28.78027258836));
#3123 = CARTESIAN_POINT('',(11.67813271598,1.135742852635,
    -28.78291029827));
#3124 = CARTESIAN_POINT('',(11.254506645981,1.162110859524,
    -28.79015724537));
#3125 = CARTESIAN_POINT('',(10.984841223901,1.181574873226,
    -28.79475220009));
#3126 = CARTESIAN_POINT('',(10.715395380746,1.204095970984,
    -28.79932254183));
#3127 = CARTESIAN_POINT('',(10.4462334765,1.230003800063,-28.80386490342
    ));
#3128 = CARTESIAN_POINT('',(10.177439995381,1.259618419293,
    -28.80837563002));
#3129 = CARTESIAN_POINT('',(9.909121186423,1.293267372029,
    -28.81285063442));
#3130 = CARTESIAN_POINT('',(9.641405690042,1.331291601909,
    -28.81728534591));
#3131 = CARTESIAN_POINT('',(9.087754645165,1.419992388234,
    -28.82638822598));
#3132 = CARTESIAN_POINT('',(8.801969415679,1.471390870338,
    -28.83104885616));
#3133 = CARTESIAN_POINT('',(8.517247374478,1.52871698935,-28.83565058827
    ));
#3134 = CARTESIAN_POINT('',(8.233823384363,1.592464575589,-28.8401859511
    ));
#3135 = CARTESIAN_POINT('',(7.952011357889,1.663167506043,
    -28.84464581576));
#3136 = CARTESIAN_POINT('',(7.672206061025,1.741407413499,
    -28.84901931164));
#3137 = CARTESIAN_POINT('',(7.39488537513,1.827822744479,-28.85329372528
    ));
#3138 = CARTESIAN_POINT('',(7.036887142695,1.952209870907,-28.8587244867
    ));
#3139 = CARTESIAN_POINT('',(6.95351041352,1.982105577066,-28.85998300342
    ));
#3140 = CARTESIAN_POINT('',(6.870509260376,2.012820243136,
    -28.86122937401));
#3141 = CARTESIAN_POINT('',(6.787910113934,2.044367827787,
    -28.86246304032));
#3142 = CARTESIAN_POINT('',(6.705739404869,2.076762289687,
    -28.86368344424));
#3143 = CARTESIAN_POINT('',(6.624023563852,2.110017587506,
    -28.86489002762));
#3144 = CARTESIAN_POINT('',(6.542789021556,2.144147679914,
    -28.86608223235));
#3145 = CARTESIAN_POINT('',(6.335182904802,2.234206066965,
    -28.86910982649));
#3146 = CARTESIAN_POINT('',(6.209612393292,2.291422553738,
    -28.87092242406));
#3147 = CARTESIAN_POINT('',(6.085396973104,2.350864661694,
    -28.87269615079));
#3148 = CARTESIAN_POINT('',(5.962595832716,2.412640278536,
    -28.87442923634));
#3149 = CARTESIAN_POINT('',(5.841258955415,2.476871267225,
    -28.87611997683));
#3150 = CARTESIAN_POINT('',(5.721417435086,2.543672867053,
    -28.87776704448));
#3151 = CARTESIAN_POINT('',(5.603086202495,2.613157732413,
    -28.87936941239));
#3152 = CARTESIAN_POINT('',(5.358865163752,2.764337494446,
    -28.88262371685));
#3153 = CARTESIAN_POINT('',(5.233290258291,2.846550187282,
    -28.88426661638));
#3154 = CARTESIAN_POINT('',(5.109596330589,2.932253817928,
    -28.88585283236));
#3155 = CARTESIAN_POINT('',(4.987825265574,3.021599516513,
    -28.88738060408));
#3156 = CARTESIAN_POINT('',(4.868018948176,3.114738413163,
    -28.88884817083));
#3157 = CARTESIAN_POINT('',(4.750219263325,3.211821638008,
    -28.89025377189));
#3158 = CARTESIAN_POINT('',(4.634468095951,3.313000321174,
    -28.89159564656));
#3159 = CARTESIAN_POINT('',(4.207604430852,3.708934818431,-28.8963892398
    ));
#3160 = CARTESIAN_POINT('',(3.917872311693,4.024641780927,
    -28.89932386577));
#3161 = CARTESIAN_POINT('',(3.654340387376,4.363007227652,-28.9016453129
    ));
#3162 = CARTESIAN_POINT('',(3.417161797445,4.720495232484,
    -28.90337491284));
#3163 = CARTESIAN_POINT('',(3.204958548917,5.093222588398,
    -28.90456319626));
#3164 = CARTESIAN_POINT('',(3.015834298514,5.477665730624,
    -28.90526733767));
#3165 = CARTESIAN_POINT('',(2.847654856939,5.870846226897,
    -28.90554497838));
#3166 = CARTESIAN_POINT('',(2.653390757731,6.390749364317,
    -28.90541917101));
#3167 = CARTESIAN_POINT('',(2.610156400579,6.511595417754,
    -28.90535626605));
#3168 = CARTESIAN_POINT('',(2.568553263819,6.633020010748,
    -28.90526083682));
#3169 = CARTESIAN_POINT('',(2.52852673914,6.754975111259,-28.90513416682
    ));
#3170 = CARTESIAN_POINT('',(2.490021198693,6.87741636188,-28.90497753247
    ));
#3171 = CARTESIAN_POINT('',(2.45297999509,7.000303079826,-28.9047922031)
  );
#3172 = CARTESIAN_POINT('',(2.417345461404,7.123598256946,
    -28.90457944096));
#3173 = CARTESIAN_POINT('',(2.261541819674,7.685576158331,
    -28.90349365996));
#3174 = CARTESIAN_POINT('',(2.156838758615,8.128367736316,
    -28.90232161841));
#3175 = CARTESIAN_POINT('',(2.065241690955,8.574209724672,
    -28.90089911419));
#3176 = CARTESIAN_POINT('',(1.984871502065,9.022203013253,
    -28.89926519441));
#3177 = CARTESIAN_POINT('',(1.914225453995,9.471691093773,
    -28.89745066064));
#3178 = CARTESIAN_POINT('',(1.852301439744,9.922292197937,
    -28.89547567251));
#3179 = CARTESIAN_POINT('',(1.798284438908,10.373826700255,
    -28.89335573711));
#3180 = CARTESIAN_POINT('',(1.709860543202,11.230580223806,
    -28.88908668326));
#3181 = CARTESIAN_POINT('',(1.673994480363,11.635423101972,
    -28.88696569836));
#3182 = CARTESIAN_POINT('',(1.643565875542,12.040734122835,
    -28.8847462168));
#3183 = CARTESIAN_POINT('',(1.618279363676,12.44640647664,
    -28.88243414168));
#3184 = CARTESIAN_POINT('',(1.597928349973,12.852349101306,
    -28.88003371306));
#3185 = CARTESIAN_POINT('',(1.58237508298,13.258485276111,
    -28.87754786676));
#3186 = CARTESIAN_POINT('',(1.571544997202,13.664752163115,
    -28.87497833668));
#3187 = CARTESIAN_POINT('',(1.560864049089,14.375133023262,
    -28.87034064001));
#3188 = CARTESIAN_POINT('',(1.558935406258,14.679201137282,
    -28.86830920776));
#3189 = CARTESIAN_POINT('',(1.559647317135,14.983282695925,
    -28.86623139607));
#3190 = CARTESIAN_POINT('',(1.563020369171,15.287351959869,
    -28.86410701888));
#3191 = CARTESIAN_POINT('',(1.569097160994,15.591380417621,
    -28.86193552308));
#3192 = CARTESIAN_POINT('',(1.577945448855,15.895336712531,
    -28.8597159339));
#3193 = CARTESIAN_POINT('',(1.589665095429,16.199186472107,
    -28.85744673426));
#3194 = CARTESIAN_POINT('',(1.614885200026,16.719047260293,
    -28.85347372146));
#3195 = CARTESIAN_POINT('',(1.626904139562,16.935125305058,
    -28.85179542372));
#3196 = CARTESIAN_POINT('',(1.640490706013,17.151117103755,
    -28.85009023172));
#3197 = CARTESIAN_POINT('',(1.655705766289,17.367004514013,
    -28.84835720172));
#3198 = CARTESIAN_POINT('',(1.672652658181,17.582763088385,
    -28.84659468828));
#3199 = CARTESIAN_POINT('',(1.691471964202,17.798363944036,
    -28.84480042321));
#3200 = CARTESIAN_POINT('',(1.712314388861,18.013774735007,
    -28.8429719844));
#3201 = CARTESIAN_POINT('',(1.795666449908,18.79437442049,
    -28.83620898833));
#3202 = CARTESIAN_POINT('',(1.870842909706,19.358398673507,
    -28.8310602957));
#3203 = CARTESIAN_POINT('',(1.963270031177,19.920218981413,
    -28.82562417335));
#3204 = CARTESIAN_POINT('',(2.075603397066,20.478639087837,
    -28.81986219472));
#3205 = CARTESIAN_POINT('',(2.210522936519,21.032128066467,
    -28.81373777954));
#3206 = CARTESIAN_POINT('',(2.370361182912,21.578917614273,
    -28.80722204957));
#3207 = CARTESIAN_POINT('',(2.556272944623,22.117190639448,
    -28.80030710311));
#3208 = CARTESIAN_POINT('',(2.870093407303,22.899838817415,
    -28.78949015082));
#3209 = CARTESIAN_POINT('',(2.978228954459,23.152152933472,
    -28.78588084082));
#3210 = CARTESIAN_POINT('',(3.092337893265,23.401871026164,
    -28.7821844513));
#3211 = CARTESIAN_POINT('',(3.212327042612,23.648834733473,
    -28.77840369132));
#3212 = CARTESIAN_POINT('',(3.338043561079,23.892926403642,
    -28.77454203922));
#3213 = CARTESIAN_POINT('',(3.469281324431,24.13406572744,
    -28.77060365378));
#3214 = CARTESIAN_POINT('',(3.605790845768,24.372204711913,
    -28.76659323438));
#3215 = CARTESIAN_POINT('',(3.815077991858,24.719951410741,
    -28.76056258553));
#3216 = CARTESIAN_POINT('',(3.884332077314,24.832419090145,
    -28.7585846977));
#3217 = CARTESIAN_POINT('',(3.955098128625,24.944809900591,
    -28.75658082765));
#3218 = CARTESIAN_POINT('',(4.027404804498,25.057177637397,
    -28.75455010762));
#3219 = CARTESIAN_POINT('',(4.10126628842,25.169544024444,
    -28.75249214144));
#3220 = CARTESIAN_POINT('',(4.176682288662,25.281898714177,
    -28.7504070045));
#3221 = CARTESIAN_POINT('',(4.253638038276,25.394199287606,
    -28.74829524376));
#3222 = CARTESIAN_POINT('',(4.42177708737,25.634563599343,
    -28.74371525362));
#3223 = CARTESIAN_POINT('',(4.513424336684,25.762591612631,
    -28.74123913395));
#3224 = CARTESIAN_POINT('',(4.607019406589,25.890380418598,
    -28.73873049427));
#3225 = CARTESIAN_POINT('',(4.70253566063,26.017855141675,
    -28.73619031006));
#3226 = CARTESIAN_POINT('',(4.799946462357,26.144940906294,
    -28.73361955681));
#3227 = CARTESIAN_POINT('',(4.899225175316,26.271562836886,
    -28.73101921001));
#3228 = CARTESIAN_POINT('',(5.000345163055,26.397646057884,
    -28.72839024514));
#3229 = CARTESIAN_POINT('',(5.512990514391,27.022522525622,
    -28.71515954219));
#3230 = CARTESIAN_POINT('',(5.944445984714,27.503672394953,
    -28.70432826965));
#3231 = CARTESIAN_POINT('',(6.39703531148,27.96581468078,-28.69325562702
    ));
#3232 = CARTESIAN_POINT('',(6.870498065161,28.4072824531,-28.68195750138
    ));
#3233 = CARTESIAN_POINT('',(7.364676614774,28.825739902733,
    -28.67045252086));
#3234 = CARTESIAN_POINT('',(7.879439648823,29.218261620213,
    -28.65876285678));
#3235 = CARTESIAN_POINT('',(8.41469416704,29.581316161989,-28.6469141251
    ));
#3236 = CARTESIAN_POINT('',(9.096191016833,29.985290137224,
    -28.63222388252));
#3237 = CARTESIAN_POINT('',(9.222893984234,30.058051312435,
    -28.62950862071));
#3238 = CARTESIAN_POINT('',(9.3504942901,30.12895970711,-28.62679021297)
  );
#3239 = CARTESIAN_POINT('',(9.478974090088,30.197965160467,
    -28.6240693128));
#3240 = CARTESIAN_POINT('',(9.608315539857,30.265017511725,
    -28.6213465737));
#3241 = CARTESIAN_POINT('',(9.738500795064,30.330066600102,
    -28.61862264917));
#3242 = CARTESIAN_POINT('',(9.869512011367,30.393062264819,
    -28.61589819271));
#3243 = CARTESIAN_POINT('',(10.208412035075,30.549612347192,
    -28.60889408232));
#3244 = CARTESIAN_POINT('',(10.417615737823,30.640164922147,
    -28.60461176729));
#3245 = CARTESIAN_POINT('',(10.628782529592,30.72519949125,
    -28.60033251836));
#3246 = CARTESIAN_POINT('',(10.84163392407,30.804835584513,
    -28.59606040548));
#3247 = CARTESIAN_POINT('',(11.056229282979,30.878544637597,
    -28.59179797808));
#3248 = CARTESIAN_POINT('',(11.272674969509,30.946021143261,
    -28.58754544664));
#3249 = CARTESIAN_POINT('',(11.490853004757,31.007894957823,
    -28.58330060132));
#3250 = CARTESIAN_POINT('',(11.951043504513,31.125365741975,
    -28.57443573272));
#3251 = CARTESIAN_POINT('',(12.193420474377,31.179922721351,
    -28.56981638343));
#3252 = CARTESIAN_POINT('',(12.438161271679,31.22788957334,
    -28.56520035731));
#3253 = CARTESIAN_POINT('',(12.685360270462,31.269410370061,
    -28.56058502147));
#3254 = CARTESIAN_POINT('',(12.93511184477,31.304629183634,
    -28.55596774302));
#3255 = CARTESIAN_POINT('',(13.187510368646,31.333690086176,
    -28.55134588906));
#3256 = CARTESIAN_POINT('',(13.442650216135,31.356737149809,
    -28.5467168267));
#3257 = CARTESIAN_POINT('',(14.561565830945,31.431240125059,
    -28.52659654082));
#3258 = CARTESIAN_POINT('',(15.424960090696,31.421251504609,
    -28.51152933831));
#3259 = CARTESIAN_POINT('',(16.286838318958,31.356796781196,
    -28.49685864698));
#3260 = CARTESIAN_POINT('',(17.144643151078,31.250623123224,
    -28.48254271748));
#3261 = CARTESIAN_POINT('',(17.996991945844,31.112808149801,
    -28.46853733956));
#3262 = CARTESIAN_POINT('',(18.843755604267,30.951082297932,
    -28.45479227091));
#3263 = CARTESIAN_POINT('',(19.686115883964,30.771079547043,
    -28.4412485295));
#3264 = CARTESIAN_POINT('',(20.846139238905,30.502887084419,
    -28.42273523597));
#3265 = CARTESIAN_POINT('',(21.165178268519,30.427004614875,
    -28.41765797258));
#3266 = CARTESIAN_POINT('',(21.483781917689,30.34929882466,
    -28.41260072533));
#3267 = CARTESIAN_POINT('',(21.802022896584,30.270115797074,
    -28.40755986903));
#3268 = CARTESIAN_POINT('',(22.119916976296,30.189562122434,
    -28.40253440326));
#3269 = CARTESIAN_POINT('',(22.437466684578,30.107674112019,
    -28.39752403706));
#3270 = CARTESIAN_POINT('',(22.754714615975,30.024631237247,
    -28.39252680481));
#3271 = CARTESIAN_POINT('',(23.401735617971,29.852878844472,
    -28.38235126634));
#3272 = CARTESIAN_POINT('',(23.734653083486,29.763241443412,
    -28.37712414204));
#3273 = CARTESIAN_POINT('',(24.070129143189,29.671726953494,
    -28.37186491559));
#3274 = CARTESIAN_POINT('',(24.40786534027,29.578480809226,
    -28.36657783105));
#3275 = CARTESIAN_POINT('',(24.747563217917,29.483648445116,
    -28.36126713249));
#3276 = CARTESIAN_POINT('',(25.088924319322,29.387375295675,
    -28.35593706398));
#3277 = CARTESIAN_POINT('',(25.431650187673,29.28980679541,
    -28.35059186957));
#3278 = CARTESIAN_POINT('',(26.643608739718,28.941798211436,
    -28.33171028118));
#3279 = CARTESIAN_POINT('',(27.510341953915,28.687539010008,
    -28.31824364174));
#3280 = CARTESIAN_POINT('',(28.375925092022,28.429370587974,
    -28.30482371435));
#3281 = CARTESIAN_POINT('',(29.240577550228,28.168106305884,
    -28.29144112868));
#3282 = CARTESIAN_POINT('',(30.104502717961,27.904470533889,
    -28.27808739944));
#3283 = CARTESIAN_POINT('',(30.967903796858,27.639150924493,
    -28.26475429401));
#3284 = CARTESIAN_POINT('',(31.831002834023,27.372860713741,
    -28.25143307563));
#3285 = CARTESIAN_POINT('',(32.986990787291,27.016145248677,
    -28.23359177268));
#3286 = CARTESIAN_POINT('',(33.276997689327,26.926649696052,
    -28.2291158944));
#3287 = CARTESIAN_POINT('',(33.563894345386,26.838148386559,
    -28.22468778488));
#3288 = CARTESIAN_POINT('',(33.847456672119,26.750751132284,
    -28.22031062638));
#3289 = CARTESIAN_POINT('',(34.127460486718,26.664567376875,
    -28.21598760542));
#3290 = CARTESIAN_POINT('',(34.40368140866,26.57970586675,
    -28.21172191672));
#3291 = CARTESIAN_POINT('',(34.67589508524,26.496275398606,
    -28.20751675415));
#3292 = CARTESIAN_POINT('',(35.211861809822,26.332497456,-28.19923380153
    ));
#3293 = CARTESIAN_POINT('',(35.475654527218,26.252144707702,
    -28.19515535191));
#3294 = CARTESIAN_POINT('',(35.735631040572,26.173370062569,
    -28.19113308068));
#3295 = CARTESIAN_POINT('',(35.992166497389,26.096215184828,
    -28.18716012864));
#3296 = CARTESIAN_POINT('',(36.245636045178,26.020721738705,
    -28.18322963658));
#3297 = CARTESIAN_POINT('',(36.496414831445,25.946931388426,
    -28.17933474529));
#3298 = CARTESIAN_POINT('',(36.744878003697,25.874885798216,
    -28.17546859555));
#3299 = CARTESIAN_POINT('',(37.521586026205,25.653523398125,
    -28.16335663487));
#3300 = CARTESIAN_POINT('',(38.053338766507,25.50767796647,
    -28.15502575394));
#3301 = CARTESIAN_POINT('',(38.587043318407,25.368858287891,
    -28.14661293917));
#3302 = CARTESIAN_POINT('',(39.123025723602,25.238930378097,
    -28.13809980113));
#3303 = CARTESIAN_POINT('',(39.661511977296,25.119681623789,
    -28.12947023818));
#3304 = CARTESIAN_POINT('',(40.202513047214,25.012321414246,
    -28.12071584385));
#3305 = CARTESIAN_POINT('',(40.745798262241,24.917412049582,
    -28.11183684258));
#3306 = CARTESIAN_POINT('',(41.95909324081,24.733998379144,
    -28.09181389288));
#3307 = CARTESIAN_POINT('',(42.630075507189,24.65176715077,
    -28.08061028982));
#3308 = CARTESIAN_POINT('',(43.303174590882,24.588394956601,
    -28.06924148838));
#3309 = CARTESIAN_POINT('',(43.977730292902,24.542720925073,
    -28.05772694634));
#3310 = CARTESIAN_POINT('',(44.653140163037,24.512862026376,
    -28.04609001408));
#3311 = CARTESIAN_POINT('',(45.328926167689,24.497024427962,
    -28.03435125515));
#3312 = CARTESIAN_POINT('',(46.004734270254,24.493504003818,
    -28.0225284502));
#3313 = CARTESIAN_POINT('',(47.05979813732,24.504916046049,
    -28.00395598225));
#3314 = CARTESIAN_POINT('',(47.448916801187,24.51234170434,
    -27.99708441205));
#3315 = CARTESIAN_POINT('',(47.849238665814,24.524300828746,
    -27.98998566161));
#3316 = CARTESIAN_POINT('',(48.262340185655,24.542924487259,
    -27.98261762186));
#3317 = CARTESIAN_POINT('',(48.689777759261,24.569793208361,
    -27.97494227459));
#3318 = CARTESIAN_POINT('',(49.133108561095,24.606365809476,
    -27.96692241467));
#3319 = CARTESIAN_POINT('',(49.593914921486,24.654598898114,
    -27.95851701496));
#3320 = CARTESIAN_POINT('',(50.422718665271,24.760740348043,
    -27.94326741463));
#3321 = CARTESIAN_POINT('',(50.781751830818,24.81243488377,
    -27.93662255861));
#3322 = CARTESIAN_POINT('',(51.151450514556,24.871781363317,
    -27.92973876696));
#3323 = CARTESIAN_POINT('',(51.532415932486,24.939428186355,
    -27.92260109658));
#3324 = CARTESIAN_POINT('',(51.925249300608,25.016023752559,
    -27.91519460439));
#3325 = CARTESIAN_POINT('',(52.330551834921,25.102216461601,
    -27.9075043473));
#3326 = CARTESIAN_POINT('',(52.748924751426,25.198654713154,
    -27.89951538221));
#3327 = CARTESIAN_POINT('',(54.051829225937,25.522333386814,
    -27.87447741646));
#3328 = CARTESIAN_POINT('',(54.915378786218,25.767326145146,
    -27.85767564955));
#3329 = CARTESIAN_POINT('',(55.771633078033,26.03735672634,
    -27.84083170879));
#3330 = CARTESIAN_POINT('',(56.620796988839,26.32897016897,
    -27.8239654688));
#3331 = CARTESIAN_POINT('',(57.463105028747,26.639400248795,
    -27.80709160697));
#3332 = CARTESIAN_POINT('',(58.298898694756,26.966317595754,
    -27.79021995811));
#3333 = CARTESIAN_POINT('',(59.128624646049,27.307870114847,
    -27.77335527192));
#3334 = CARTESIAN_POINT('',(61.093719730954,28.15355831822,
    -27.73316379482));
#3335 = CARTESIAN_POINT('',(62.223666369165,28.66957837893,
    -27.70985133957));
#3336 = CARTESIAN_POINT('',(63.343935151365,29.206581318035,
    -27.68656601786));
#3337 = CARTESIAN_POINT('',(64.45541600919,29.761549631856,
    -27.66331272443));
#3338 = CARTESIAN_POINT('',(65.558841930531,30.332133407787,
    -27.64009457092));
#3339 = CARTESIAN_POINT('',(66.6548808217,30.916464521082,
    -27.61691253748));
#3340 = CARTESIAN_POINT('',(67.744178543952,31.513069597062,
    -27.59376530956));
#3341 = CARTESIAN_POINT('',(68.827398723489,32.12078784715,
    -27.57064913812));
#3342 = ORIENTED_EDGE('',*,*,#2759,.F.);
#3343 = ORIENTED_EDGE('',*,*,#1661,.T.);
#3344 = SURFACE_OF_LINEAR_EXTRUSION('',#3345,#3367);
#3345 = B_SPLINE_CURVE_WITH_KNOTS('',3,(#3346,#3347,#3348,#3349,#3350,
    #3351,#3352,#3353,#3354,#3355,#3356,#3357,#3358,#3359,#3360,#3361,
    #3362,#3363,#3364,#3365,#3366),.UNSPECIFIED.,.T.,.F.,(4,1,1,1,1,1,1,
    1,1,1,1,1,1,1,1,1,1,1,4),(0.,5.555555555556E-02,0.111111111111,
    0.166666666667,0.222222222222,0.277777777778,0.333333333333,
    0.388888888889,0.444444444444,0.5,0.555555555556,0.611111111111,
    0.666666666667,0.722222222222,0.777777777778,0.833333333333,
    0.888888888889,0.944444444444,1.),.UNSPECIFIED.);
#3346 = CARTESIAN_POINT('',(80.545676270297,39.339987536522,
    -19.31478459544));
#3347 = CARTESIAN_POINT('',(59.346961231683,25.427270289696,
    -19.78088742906));
#3348 = CARTESIAN_POINT('',(44.275585078817,23.606109429967,
    -20.05745357272));
#3349 = CARTESIAN_POINT('',(35.99441926152,25.925548878741,
    -20.18686624557));
#3350 = CARTESIAN_POINT('',(20.42571525133,30.895760987893,
    -20.42602316719));
#3351 = CARTESIAN_POINT('',(10.488363026352,32.221521940688,
    -20.59121739457));
#3352 = CARTESIAN_POINT('',(3.03584192466,25.099329823736,
    -20.77023204801));
#3353 = CARTESIAN_POINT('',(1.065437936959,17.954611898318,
    -20.85329980886));
#3354 = CARTESIAN_POINT('',(1.714660763511,5.681506317453,
    -20.92527846809));
#3355 = CARTESIAN_POINT('',(5.755517557451,1.690007840993,
    -20.88155383677));
#3356 = CARTESIAN_POINT('',(11.791524803382,0.94129381039,
    -20.78082970893));
#3357 = CARTESIAN_POINT('',(15.38316411736,1.090748567803,
    -20.71685423426));
#3358 = CARTESIAN_POINT('',(22.915671274364,1.688996390597,
    -20.5807482965));
#3359 = CARTESIAN_POINT('',(47.752324217521,5.575708323862,
    -20.1189704523));
#3360 = CARTESIAN_POINT('',(65.787381350073,6.73718140077E-02,
    -19.84023405013));
#3361 = CARTESIAN_POINT('',(84.859044000657,-4.849180049546,
    -19.5393068393));
#3362 = CARTESIAN_POINT('',(38.403961935822,-51.56770726086,
    -20.67096446034));
#3363 = CARTESIAN_POINT('',(-24.46274618075,-21.89264948324,
    -21.57144524255));
#3364 = CARTESIAN_POINT('',(-26.31037056242,55.522974998154,
    -21.07802404343));
#3365 = CARTESIAN_POINT('',(35.981659927388,70.633718497021,
    -19.88343053166));
#3366 = CARTESIAN_POINT('',(80.545676270297,39.339987536522,
    -19.31478459544));
#3367 = VECTOR('',#3368,1.);
#3368 = DIRECTION('',(-1.752660682543E-02,-6.790833489229E-03,
    0.999823335712));
#3369 = ADVANCED_FACE('',(#3370),#3410,.F.);
#3370 = FACE_BOUND('',#3371,.F.);
#3371 = EDGE_LOOP('',(#3372,#3373,#3374,#3375));
#3372 = ORIENTED_EDGE('',*,*,#2090,.F.);
#3373 = ORIENTED_EDGE('',*,*,#1695,.F.);
#3374 = ORIENTED_EDGE('',*,*,#3006,.F.);
#3375 = ORIENTED_EDGE('',*,*,#3376,.T.);
#3376 = EDGE_CURVE('',#3007,#2091,#3377,.T.);
#3377 = B_SPLINE_CURVE_WITH_KNOTS('',6,(#3378,#3379,#3380,#3381,#3382,
    #3383,#3384,#3385,#3386,#3387,#3388,#3389,#3390,#3391,#3392,#3393,
    #3394,#3395,#3396,#3397,#3398,#3399,#3400,#3401,#3402,#3403,#3404,
    #3405,#3406,#3407,#3408,#3409),.UNSPECIFIED.,.F.,.F.,(7,5,5,5,5,5,7)
  ,(0.,0.153512529294,0.25725812356,0.5,0.742741876441,0.846487470706,1.
    ),.UNSPECIFIED.);
#3378 = CARTESIAN_POINT('',(39.75354234966,25.111719680131,
    -28.1279110508));
#3379 = CARTESIAN_POINT('',(39.922247428247,25.076578153599,
    -28.12519238319));
#3380 = CARTESIAN_POINT('',(40.095206885703,25.049430309429,
    -28.12234484421));
#3381 = CARTESIAN_POINT('',(40.2718083647,25.030894025645,
    -28.11937497167));
#3382 = CARTESIAN_POINT('',(40.451335705167,25.021511993773,
    -28.11629163366));
#3383 = CARTESIAN_POINT('',(40.632984070668,25.021724879758,
    -28.1131059457));
#3384 = CARTESIAN_POINT('',(40.939474991973,25.038683434449,
    -28.1076180676));
#3385 = CARTESIAN_POINT('',(41.063644162649,25.050047091678,
    -28.10536423649));
#3386 = CARTESIAN_POINT('',(41.188112379798,25.066031955031,
    -28.1030737758));
#3387 = CARTESIAN_POINT('',(41.312598257648,25.08670802074,
    -28.10075114271));
#3388 = CARTESIAN_POINT('',(41.436812352714,25.112116713803,
    -28.09840112974));
#3389 = CARTESIAN_POINT('',(41.849769255295,25.212818114471,
    -28.09047815032));
#3390 = CARTESIAN_POINT('',(42.136027026149,25.309347191016,
    -28.08480450771));
#3391 = CARTESIAN_POINT('',(42.415377085067,25.431990569795,
    -28.07907458602));
#3392 = CARTESIAN_POINT('',(42.684027457583,25.579961086012,
    -28.0733602039));
#3393 = CARTESIAN_POINT('',(42.938439227989,25.751623240763,
    -28.06773450586));
#3394 = CARTESIAN_POINT('',(43.412683661558,26.137333765766,
    -28.05680138269));
#3395 = CARTESIAN_POINT('',(43.63258435231,26.351437463935,
    -28.05149238927));
#3396 = CARTESIAN_POINT('',(43.832195783756,26.584311705104,
    -28.0464115704));
#3397 = CARTESIAN_POINT('',(44.00919557484,26.832824902492,
    -28.04162090657));
#3398 = CARTESIAN_POINT('',(44.162040193479,27.09342476873,
    -28.0371715827));
#3399 = CARTESIAN_POINT('',(44.344796142699,27.477226085553,
    -28.0313611337));
#3400 = CARTESIAN_POINT('',(44.394989181436,27.593665482592,
    -28.02969040433));
#3401 = CARTESIAN_POINT('',(44.440604855159,27.71133570862,
    -28.02809155498));
#3402 = CARTESIAN_POINT('',(44.481624713034,27.829944923302,
    -28.02656689128));
#3403 = CARTESIAN_POINT('',(44.518059915125,27.949203351547,
    -28.02511818575));
#3404 = CARTESIAN_POINT('',(44.597137423237,28.245833720222,
    -28.02171725709));
#3405 = CARTESIAN_POINT('',(44.634374014231,28.423643443485,
    -28.01985682111));
#3406 = CARTESIAN_POINT('',(44.661785783268,28.601332337641,
    -28.01816943202));
#3407 = CARTESIAN_POINT('',(44.679640035772,28.778022554245,
    -28.01665636641));
#3408 = CARTESIAN_POINT('',(44.688322026234,28.95290227101,
    -28.01531638481));
#3409 = CARTESIAN_POINT('',(44.688311768894,29.125245973177,
    -28.01414600044));
#3410 = ( BOUNDED_SURFACE() B_SPLINE_SURFACE(2,2,(
    (#3411,#3412,#3413,#3414,#3415)
    ,(#3416,#3417,#3418,#3419,#3420)
    ,(#3421,#3422,#3423,#3424,#3425
)),.UNSPECIFIED.,.F.,.F.,.F.) B_SPLINE_SURFACE_WITH_KNOTS((3,3),(3,1,1,3
    ),(0.,8.000000000062),(-0.489600000125,-6.251523E-11,7.999999999999,
8.489600000061),.UNSPECIFIED.) GEOMETRIC_REPRESENTATION_ITEM() 
RATIONAL_B_SPLINE_SURFACE((
    (1.,1.,1.,1.,1.)
    ,(0.630933641812,0.630933641812,0.630933641812,0.630933641812
      ,0.630933641812)
,(1.,1.,1.,1.,1.))) REPRESENTATION_ITEM('') SURFACE() );
#3411 = CARTESIAN_POINT('',(39.762123376367,25.115044472209,
    -28.61742455626));
#3412 = CARTESIAN_POINT('',(39.757832863015,25.113382076171,
    -28.37266780363));
#3413 = CARTESIAN_POINT('',(39.683435922358,25.084556346174,
    -24.12861770793));
#3414 = CARTESIAN_POINT('',(39.6090389817,25.055730616177,
    -19.88456761222));
#3415 = CARTESIAN_POINT('',(39.604748468349,25.054068220139,
    -19.6398108596));
#3416 = CARTESIAN_POINT('',(44.697192849892,24.087061934306,
    -28.53789634239));
#3417 = CARTESIAN_POINT('',(44.69290233654,24.085399538267,
    -28.29313958977));
#3418 = CARTESIAN_POINT('',(44.618505395883,24.05657380827,
    -24.04908949406));
#3419 = CARTESIAN_POINT('',(44.544108455225,24.027748078273,
    -19.80503939835));
#3420 = CARTESIAN_POINT('',(44.539817941874,24.026085682235,
    -19.56028264573));
#3421 = CARTESIAN_POINT('',(44.696892795601,29.128570765256,
    -28.50365950589));
#3422 = CARTESIAN_POINT('',(44.69260228225,29.126908369217,
    -28.25890275327));
#3423 = CARTESIAN_POINT('',(44.618205341592,29.09808263922,
    -24.01485265756));
#3424 = CARTESIAN_POINT('',(44.543808400935,29.069256909223,
    -19.77080256186));
#3425 = CARTESIAN_POINT('',(44.539517887583,29.067594513185,
    -19.52604580923));
#3426 = ADVANCED_FACE('',(#3427,#3430),#3433,.F.);
#3427 = FACE_BOUND('',#3428,.T.);
#3428 = EDGE_LOOP('',(#3429));
#3429 = ORIENTED_EDGE('',*,*,#1862,.F.);
#3430 = FACE_BOUND('',#3431,.T.);
#3431 = EDGE_LOOP('',(#3432));
#3432 = ORIENTED_EDGE('',*,*,#2242,.F.);
#3433 = PLANE('',#3434);
#3434 = AXIS2_PLACEMENT_3D('',#3435,#3436,#3437);
#3435 = CARTESIAN_POINT('',(63.098732738887,14.040848676681,
    -22.7929870286));
#3436 = DIRECTION('',(1.752660682543E-02,6.790833489229E-03,
    -0.999823335712));
#3437 = DIRECTION('',(-0.999846395458,5.951539141349E-05,
    -1.752660682543E-02));
#3438 = ADVANCED_FACE('',(#3439,#3442),#3445,.F.);
#3439 = FACE_BOUND('',#3440,.T.);
#3440 = EDGE_LOOP('',(#3441));
#3441 = ORIENTED_EDGE('',*,*,#1887,.F.);
#3442 = FACE_BOUND('',#3443,.T.);
#3443 = EDGE_LOOP('',(#3444));
#3444 = ORIENTED_EDGE('',*,*,#2267,.F.);
#3445 = PLANE('',#3446);
#3446 = AXIS2_PLACEMENT_3D('',#3447,#3448,#3449);
#3447 = CARTESIAN_POINT('',(63.098732738887,14.040848676681,
    -22.7929870286));
#3448 = DIRECTION('',(1.752660682543E-02,6.790833489229E-03,
    -0.999823335712));
#3449 = DIRECTION('',(-0.999846395458,5.951539141349E-05,
    -1.752660682543E-02));
#3450 = ADVANCED_FACE('',(#3451,#3454),#3465,.F.);
#3451 = FACE_BOUND('',#3452,.T.);
#3452 = EDGE_LOOP('',(#3453));
#3453 = ORIENTED_EDGE('',*,*,#1912,.F.);
#3454 = FACE_BOUND('',#3455,.T.);
#3455 = EDGE_LOOP('',(#3456));
#3456 = ORIENTED_EDGE('',*,*,#3457,.F.);
#3457 = EDGE_CURVE('',#3458,#3458,#3460,.T.);
#3458 = VERTEX_POINT('',#3459);
#3459 = CARTESIAN_POINT('',(13.521526794287,8.345851161611,
    -23.95078554619));
#3460 = CIRCLE('',#3461,1.5);
#3461 = AXIS2_PLACEMENT_3D('',#3462,#3463,#3464);
#3462 = CARTESIAN_POINT('',(15.021296387475,8.345761888524,
    -23.92449563595));
#3463 = DIRECTION('',(-1.752660682543E-02,-6.790833489229E-03,
    0.999823335712));
#3464 = DIRECTION('',(-0.999846395458,5.951539141361E-05,
    -1.752660682543E-02));
#3465 = PLANE('',#3466);
#3466 = AXIS2_PLACEMENT_3D('',#3467,#3468,#3469);
#3467 = CARTESIAN_POINT('',(15.021296387475,8.345761888524,
    -23.92449563595));
#3468 = DIRECTION('',(1.752660682543E-02,6.790833489229E-03,
    -0.999823335712));
#3469 = DIRECTION('',(-0.999846395458,5.951539141349E-05,
    -1.752660682543E-02));
#3470 = ADVANCED_FACE('',(#3471,#3474),#3485,.F.);
#3471 = FACE_BOUND('',#3472,.T.);
#3472 = EDGE_LOOP('',(#3473));
#3473 = ORIENTED_EDGE('',*,*,#1937,.F.);
#3474 = FACE_BOUND('',#3475,.T.);
#3475 = EDGE_LOOP('',(#3476));
#3476 = ORIENTED_EDGE('',*,*,#3477,.F.);
#3477 = EDGE_CURVE('',#3478,#3478,#3480,.T.);
#3478 = VERTEX_POINT('',#3479);
#3479 = CARTESIAN_POINT('',(21.983305439281,13.374883477856,
    -23.76829571833));
#3480 = CIRCLE('',#3481,1.5);
#3481 = AXIS2_PLACEMENT_3D('',#3482,#3483,#3484);
#3482 = CARTESIAN_POINT('',(21.983216166194,14.874848888236,
    -23.75810946809));
#3483 = DIRECTION('',(-1.752660682543E-02,-6.790833489229E-03,
    0.999823335712));
#3484 = DIRECTION('',(5.951539141327E-05,-0.999976940253,
    -6.79083348923E-03));
#3485 = PLANE('',#3486);
#3486 = AXIS2_PLACEMENT_3D('',#3487,#3488,#3489);
#3487 = CARTESIAN_POINT('',(21.983216166194,14.874848888236,
    -23.75810946809));
#3488 = DIRECTION('',(1.752660682543E-02,6.790833489229E-03,
    -0.999823335712));
#3489 = DIRECTION('',(5.951539141349E-05,-0.999976940253,
    -6.790833489229E-03));
#3490 = ADVANCED_FACE('',(#3491,#3494),#3505,.F.);
#3491 = FACE_BOUND('',#3492,.T.);
#3492 = EDGE_LOOP('',(#3493));
#3493 = ORIENTED_EDGE('',*,*,#1962,.F.);
#3494 = FACE_BOUND('',#3495,.T.);
#3495 = EDGE_LOOP('',(#3496));
#3496 = ORIENTED_EDGE('',*,*,#3497,.F.);
#3497 = EDGE_CURVE('',#3498,#3498,#3500,.T.);
#3498 = VERTEX_POINT('',#3499);
#3499 = CARTESIAN_POINT('',(16.750639103159,15.097112260941,
    -24.59845789496));
#3500 = CIRCLE('',#3501,1.5);
#3501 = AXIS2_PLACEMENT_3D('',#3502,#3503,#3504);
#3502 = CARTESIAN_POINT('',(15.250869509971,15.097201534028,
    -24.6247478052));
#3503 = DIRECTION('',(-1.752660682543E-02,-6.790833489229E-03,
    0.999823335712));
#3504 = DIRECTION('',(0.999846395458,-5.951539141349E-05,
    1.752660682543E-02));
#3505 = PLANE('',#3506);
#3506 = AXIS2_PLACEMENT_3D('',#3507,#3508,#3509);
#3507 = CARTESIAN_POINT('',(15.250869509971,15.097201534028,
    -24.6247478052));
#3508 = DIRECTION('',(1.752660682543E-02,6.790833489229E-03,
    -0.999823335712));
#3509 = DIRECTION('',(-0.999846395458,5.951539141349E-05,
    -1.752660682543E-02));
#3510 = ADVANCED_FACE('',(#3511,#3514),#3525,.F.);
#3511 = FACE_BOUND('',#3512,.T.);
#3512 = EDGE_LOOP('',(#3513));
#3513 = ORIENTED_EDGE('',*,*,#1987,.F.);
#3514 = FACE_BOUND('',#3515,.T.);
#3515 = EDGE_LOOP('',(#3516));
#3516 = ORIENTED_EDGE('',*,*,#3517,.F.);
#3517 = EDGE_CURVE('',#3518,#3518,#3520,.T.);
#3518 = VERTEX_POINT('',#3519);
#3519 = CARTESIAN_POINT('',(8.492143670423,16.809333339966,
    -23.98146488851));
#3520 = CIRCLE('',#3521,1.5);
#3521 = AXIS2_PLACEMENT_3D('',#3522,#3523,#3524);
#3522 = CARTESIAN_POINT('',(8.49223294351,15.309367929586,
    -23.99165113874));
#3523 = DIRECTION('',(-1.752660682543E-02,-6.790833489229E-03,
    0.999823335712));
#3524 = DIRECTION('',(-5.951539141338E-05,0.999976940253,
    6.790833489229E-03));
#3525 = PLANE('',#3526);
#3526 = AXIS2_PLACEMENT_3D('',#3527,#3528,#3529);
#3527 = CARTESIAN_POINT('',(8.49223294351,15.309367929586,
    -23.99165113874));
#3528 = DIRECTION('',(1.752660682543E-02,6.790833489229E-03,
    -0.999823335712));
#3529 = DIRECTION('',(-5.951539141349E-05,0.999976940253,
    6.790833489229E-03));
#3530 = ADVANCED_FACE('',(#3531,#3534),#3545,.F.);
#3531 = FACE_BOUND('',#3532,.T.);
#3532 = EDGE_LOOP('',(#3533));
#3533 = ORIENTED_EDGE('',*,*,#2012,.F.);
#3534 = FACE_BOUND('',#3535,.T.);
#3535 = EDGE_LOOP('',(#3536));
#3536 = ORIENTED_EDGE('',*,*,#3537,.F.);
#3537 = EDGE_CURVE('',#3538,#3538,#3540,.T.);
#3538 = VERTEX_POINT('',#3539);
#3539 = CARTESIAN_POINT('',(16.953922315417,21.838365656211,
    -23.79897506065));
#3540 = CIRCLE('',#3541,1.5);
#3541 = AXIS2_PLACEMENT_3D('',#3542,#3543,#3544);
#3542 = CARTESIAN_POINT('',(15.45415272223,21.838454929298,
    -23.82526497088));
#3543 = DIRECTION('',(-1.752660682543E-02,-6.790833489229E-03,
    0.999823335712));
#3544 = DIRECTION('',(0.999846395458,-5.951539141349E-05,
    1.752660682543E-02));
#3545 = PLANE('',#3546);
#3546 = AXIS2_PLACEMENT_3D('',#3547,#3548,#3549);
#3547 = CARTESIAN_POINT('',(15.45415272223,21.838454929298,
    -23.82526497088));
#3548 = DIRECTION('',(1.752660682543E-02,6.790833489229E-03,
    -0.999823335712));
#3549 = DIRECTION('',(0.999846395458,-5.951539141349E-05,
    1.752660682543E-02));
#3550 = ADVANCED_FACE('',(#3551,#3560),#3571,.T.);
#3551 = FACE_BOUND('',#3552,.F.);
#3552 = EDGE_LOOP('',(#3553,#3554,#3555,#3556,#3557,#3558,#3559));
#3553 = ORIENTED_EDGE('',*,*,#2164,.F.);
#3554 = ORIENTED_EDGE('',*,*,#2114,.F.);
#3555 = ORIENTED_EDGE('',*,*,#3376,.F.);
#3556 = ORIENTED_EDGE('',*,*,#3016,.F.);
#3557 = ORIENTED_EDGE('',*,*,#2771,.T.);
#3558 = ORIENTED_EDGE('',*,*,#2404,.F.);
#3559 = ORIENTED_EDGE('',*,*,#2317,.T.);
#3560 = FACE_BOUND('',#3561,.F.);
#3561 = EDGE_LOOP('',(#3562));
#3562 = ORIENTED_EDGE('',*,*,#3563,.F.);
#3563 = EDGE_CURVE('',#3564,#3564,#3566,.T.);
#3564 = VERTEX_POINT('',#3565);
#3565 = CARTESIAN_POINT('',(25.569401490721,15.123754835223,
    -28.44439342809));
#3566 = CIRCLE('',#3567,10.25);
#3567 = AXIS2_PLACEMENT_3D('',#3568,#3569,#3570);
#3568 = CARTESIAN_POINT('',(15.320975937273,15.124364867985,
    -28.62404114805));
#3569 = DIRECTION('',(-1.752660682543E-02,-6.790833489229E-03,
    0.999823335712));
#3570 = DIRECTION('',(0.999846395458,-5.951539141349E-05,
    1.752660682543E-02));
#3571 = PLANE('',#3572);
#3572 = AXIS2_PLACEMENT_3D('',#3573,#3574,#3575);
#3573 = CARTESIAN_POINT('',(54.909019098588,12.084865268735,
    -27.95071886424));
#3574 = DIRECTION('',(1.752660682543E-02,6.790833489229E-03,
    -0.999823335712));
#3575 = DIRECTION('',(-0.999846395458,5.951539141349E-05,
    -1.752660682543E-02));
#3576 = ADVANCED_FACE('',(#3577),#3596,.F.);
#3577 = FACE_BOUND('',#3578,.T.);
#3578 = EDGE_LOOP('',(#3579,#3588,#3594,#3595));
#3579 = ORIENTED_EDGE('',*,*,#3580,.F.);
#3580 = EDGE_CURVE('',#3581,#3581,#3583,.T.);
#3581 = VERTEX_POINT('',#3582);
#3582 = CARTESIAN_POINT('',(13.560961659644,8.361130536962,
    -26.20038805154));
#3583 = CIRCLE('',#3584,1.5);
#3584 = AXIS2_PLACEMENT_3D('',#3585,#3586,#3587);
#3585 = CARTESIAN_POINT('',(15.060731252832,8.361041263875,
    -26.1740981413));
#3586 = DIRECTION('',(-1.752660682543E-02,-6.790833489229E-03,
    0.999823335712));
#3587 = DIRECTION('',(-0.999846395458,5.951539141349E-05,
    -1.752660682543E-02));
#3588 = ORIENTED_EDGE('',*,*,#3589,.T.);
#3589 = EDGE_CURVE('',#3581,#3458,#3590,.T.);
#3590 = LINE('',#3591,#3592);
#3591 = CARTESIAN_POINT('',(13.560961659644,8.361130536962,
    -26.20038805154));
#3592 = VECTOR('',#3593,1.);
#3593 = DIRECTION('',(-1.752660682543E-02,-6.790833489229E-03,
    0.999823335712));
#3594 = ORIENTED_EDGE('',*,*,#3457,.T.);
#3595 = ORIENTED_EDGE('',*,*,#3589,.F.);
#3596 = CYLINDRICAL_SURFACE('',#3597,1.5);
#3597 = AXIS2_PLACEMENT_3D('',#3598,#3599,#3600);
#3598 = CARTESIAN_POINT('',(15.060731252832,8.361041263875,
    -26.1740981413));
#3599 = DIRECTION('',(1.752660682543E-02,6.790833489229E-03,
    -0.999823335712));
#3600 = DIRECTION('',(-0.999846395458,5.951539141349E-05,
    -1.752660682543E-02));
#3601 = ADVANCED_FACE('',(#3602),#3621,.F.);
#3602 = FACE_BOUND('',#3603,.T.);
#3603 = EDGE_LOOP('',(#3604,#3613,#3619,#3620));
#3604 = ORIENTED_EDGE('',*,*,#3605,.F.);
#3605 = EDGE_CURVE('',#3606,#3606,#3608,.T.);
#3606 = VERTEX_POINT('',#3607);
#3607 = CARTESIAN_POINT('',(22.022740304639,13.390162853207,
    -26.01789822368));
#3608 = CIRCLE('',#3609,1.5);
#3609 = AXIS2_PLACEMENT_3D('',#3610,#3611,#3612);
#3610 = CARTESIAN_POINT('',(22.022651031552,14.890128263587,
    -26.00771197344));
#3611 = DIRECTION('',(-1.752660682543E-02,-6.790833489229E-03,
    0.999823335712));
#3612 = DIRECTION('',(5.951539141349E-05,-0.999976940253,
    -6.790833489229E-03));
#3613 = ORIENTED_EDGE('',*,*,#3614,.T.);
#3614 = EDGE_CURVE('',#3606,#3478,#3615,.T.);
#3615 = LINE('',#3616,#3617);
#3616 = CARTESIAN_POINT('',(22.022740304639,13.390162853207,
    -26.01789822368));
#3617 = VECTOR('',#3618,1.);
#3618 = DIRECTION('',(-1.752660682543E-02,-6.790833489229E-03,
    0.999823335712));
#3619 = ORIENTED_EDGE('',*,*,#3477,.T.);
#3620 = ORIENTED_EDGE('',*,*,#3614,.F.);
#3621 = CYLINDRICAL_SURFACE('',#3622,1.5);
#3622 = AXIS2_PLACEMENT_3D('',#3623,#3624,#3625);
#3623 = CARTESIAN_POINT('',(22.022651031552,14.890128263587,
    -26.00771197344));
#3624 = DIRECTION('',(1.752660682543E-02,6.790833489229E-03,
    -0.999823335712));
#3625 = DIRECTION('',(5.951539141349E-05,-0.999976940253,
    -6.790833489229E-03));
#3626 = ADVANCED_FACE('',(#3627),#3646,.F.);
#3627 = FACE_BOUND('',#3628,.T.);
#3628 = EDGE_LOOP('',(#3629,#3637,#3644,#3645));
#3629 = ORIENTED_EDGE('',*,*,#3630,.F.);
#3630 = EDGE_CURVE('',#3631,#3498,#3633,.T.);
#3631 = VERTEX_POINT('',#3632);
#3632 = CARTESIAN_POINT('',(16.776929013397,15.107298511175,
    -26.09819289853));
#3633 = LINE('',#3634,#3635);
#3634 = CARTESIAN_POINT('',(16.776929013397,15.107298511175,
    -26.09819289853));
#3635 = VECTOR('',#3636,1.);
#3636 = DIRECTION('',(-1.752660682543E-02,-6.790833489229E-03,
    0.999823335712));
#3637 = ORIENTED_EDGE('',*,*,#3638,.F.);
#3638 = EDGE_CURVE('',#3631,#3631,#3639,.T.);
#3639 = CIRCLE('',#3640,1.5);
#3640 = AXIS2_PLACEMENT_3D('',#3641,#3642,#3643);
#3641 = CARTESIAN_POINT('',(15.277159420209,15.107387784262,
    -26.12448280877));
#3642 = DIRECTION('',(-1.752660682543E-02,-6.790833489229E-03,
    0.999823335712));
#3643 = DIRECTION('',(0.999846395458,-5.951539141349E-05,
    1.752660682543E-02));
#3644 = ORIENTED_EDGE('',*,*,#3630,.T.);
#3645 = ORIENTED_EDGE('',*,*,#3497,.T.);
#3646 = CYLINDRICAL_SURFACE('',#3647,1.5);
#3647 = AXIS2_PLACEMENT_3D('',#3648,#3649,#3650);
#3648 = CARTESIAN_POINT('',(15.277159420209,15.107387784262,
    -26.12448280877));
#3649 = DIRECTION('',(1.752660682543E-02,6.790833489229E-03,
    -0.999823335712));
#3650 = DIRECTION('',(0.999846395458,-5.951539141349E-05,
    1.752660682543E-02));
#3651 = ADVANCED_FACE('',(#3652),#3671,.F.);
#3652 = FACE_BOUND('',#3653,.T.);
#3653 = EDGE_LOOP('',(#3654,#3663,#3669,#3670));
#3654 = ORIENTED_EDGE('',*,*,#3655,.F.);
#3655 = EDGE_CURVE('',#3656,#3656,#3658,.T.);
#3656 = VERTEX_POINT('',#3657);
#3657 = CARTESIAN_POINT('',(8.53157853578,16.824612715317,
    -26.23106739386));
#3658 = CIRCLE('',#3659,1.5);
#3659 = AXIS2_PLACEMENT_3D('',#3660,#3661,#3662);
#3660 = CARTESIAN_POINT('',(8.531667808867,15.324647304937,
    -26.24125364409));
#3661 = DIRECTION('',(-1.752660682543E-02,-6.790833489229E-03,
    0.999823335712));
#3662 = DIRECTION('',(-5.951539141349E-05,0.999976940253,
    6.790833489229E-03));
#3663 = ORIENTED_EDGE('',*,*,#3664,.T.);
#3664 = EDGE_CURVE('',#3656,#3518,#3665,.T.);
#3665 = LINE('',#3666,#3667);
#3666 = CARTESIAN_POINT('',(8.53157853578,16.824612715317,
    -26.23106739386));
#3667 = VECTOR('',#3668,1.);
#3668 = DIRECTION('',(-1.752660682543E-02,-6.790833489229E-03,
    0.999823335712));
#3669 = ORIENTED_EDGE('',*,*,#3517,.T.);
#3670 = ORIENTED_EDGE('',*,*,#3664,.F.);
#3671 = CYLINDRICAL_SURFACE('',#3672,1.5);
#3672 = AXIS2_PLACEMENT_3D('',#3673,#3674,#3675);
#3673 = CARTESIAN_POINT('',(8.531667808867,15.324647304937,
    -26.24125364409));
#3674 = DIRECTION('',(1.752660682543E-02,6.790833489229E-03,
    -0.999823335712));
#3675 = DIRECTION('',(-5.951539141349E-05,0.999976940253,
    6.790833489229E-03));
#3676 = ADVANCED_FACE('',(#3677),#3696,.F.);
#3677 = FACE_BOUND('',#3678,.T.);
#3678 = EDGE_LOOP('',(#3679,#3687,#3694,#3695));
#3679 = ORIENTED_EDGE('',*,*,#3680,.F.);
#3680 = EDGE_CURVE('',#3681,#3538,#3683,.T.);
#3681 = VERTEX_POINT('',#3682);
#3682 = CARTESIAN_POINT('',(16.993357180774,21.853645031562,
    -26.048577566));
#3683 = LINE('',#3684,#3685);
#3684 = CARTESIAN_POINT('',(16.993357180774,21.853645031562,
    -26.048577566));
#3685 = VECTOR('',#3686,1.);
#3686 = DIRECTION('',(-1.752660682543E-02,-6.790833489229E-03,
    0.999823335712));
#3687 = ORIENTED_EDGE('',*,*,#3688,.F.);
#3688 = EDGE_CURVE('',#3681,#3681,#3689,.T.);
#3689 = CIRCLE('',#3690,1.5);
#3690 = AXIS2_PLACEMENT_3D('',#3691,#3692,#3693);
#3691 = CARTESIAN_POINT('',(15.493587587587,21.853734304649,
    -26.07486747623));
#3692 = DIRECTION('',(-1.752660682543E-02,-6.790833489229E-03,
    0.999823335712));
#3693 = DIRECTION('',(0.999846395458,-5.951539141349E-05,
    1.752660682543E-02));
#3694 = ORIENTED_EDGE('',*,*,#3680,.T.);
#3695 = ORIENTED_EDGE('',*,*,#3537,.T.);
#3696 = CYLINDRICAL_SURFACE('',#3697,1.5);
#3697 = AXIS2_PLACEMENT_3D('',#3698,#3699,#3700);
#3698 = CARTESIAN_POINT('',(15.493587587587,21.853734304649,
    -26.07486747623));
#3699 = DIRECTION('',(1.752660682543E-02,6.790833489229E-03,
    -0.999823335712));
#3700 = DIRECTION('',(0.999846395458,-5.951539141349E-05,
    1.752660682543E-02));
#3701 = ADVANCED_FACE('',(#3702),#3721,.F.);
#3702 = FACE_BOUND('',#3703,.T.);
#3703 = EDGE_LOOP('',(#3704,#3712,#3719,#3720));
#3704 = ORIENTED_EDGE('',*,*,#3705,.T.);
#3705 = EDGE_CURVE('',#3564,#3706,#3708,.T.);
#3706 = VERTEX_POINT('',#3707);
#3707 = CARTESIAN_POINT('',(25.525584973658,15.1067777515,
    -25.94483508881));
#3708 = LINE('',#3709,#3710);
#3709 = CARTESIAN_POINT('',(25.569401490721,15.123754835223,
    -28.44439342809));
#3710 = VECTOR('',#3711,1.);
#3711 = DIRECTION('',(-1.752660682543E-02,-6.790833489229E-03,
    0.999823335712));
#3712 = ORIENTED_EDGE('',*,*,#3713,.T.);
#3713 = EDGE_CURVE('',#3706,#3706,#3714,.T.);
#3714 = CIRCLE('',#3715,10.25);
#3715 = AXIS2_PLACEMENT_3D('',#3716,#3717,#3718);
#3716 = CARTESIAN_POINT('',(15.277159420209,15.107387784262,
    -26.12448280877));
#3717 = DIRECTION('',(-1.752660682543E-02,-6.790833489229E-03,
    0.999823335712));
#3718 = DIRECTION('',(0.999846395458,-5.951539141349E-05,
    1.752660682543E-02));
#3719 = ORIENTED_EDGE('',*,*,#3705,.F.);
#3720 = ORIENTED_EDGE('',*,*,#3563,.F.);
#3721 = CYLINDRICAL_SURFACE('',#3722,10.25);
#3722 = AXIS2_PLACEMENT_3D('',#3723,#3724,#3725);
#3723 = CARTESIAN_POINT('',(15.320975937273,15.124364867985,
    -28.62404114805));
#3724 = DIRECTION('',(1.752660682543E-02,6.790833489229E-03,
    -0.999823335712));
#3725 = DIRECTION('',(0.999846395458,-5.951539141349E-05,
    1.752660682543E-02));
#3726 = ADVANCED_FACE('',(#3727,#3730,#3733,#3736,#3739,#3742),#3745,.T.
  );
#3727 = FACE_BOUND('',#3728,.F.);
#3728 = EDGE_LOOP('',(#3729));
#3729 = ORIENTED_EDGE('',*,*,#3713,.T.);
#3730 = FACE_BOUND('',#3731,.F.);
#3731 = EDGE_LOOP('',(#3732));
#3732 = ORIENTED_EDGE('',*,*,#3580,.F.);
#3733 = FACE_BOUND('',#3734,.F.);
#3734 = EDGE_LOOP('',(#3735));
#3735 = ORIENTED_EDGE('',*,*,#3638,.F.);
#3736 = FACE_BOUND('',#3737,.F.);
#3737 = EDGE_LOOP('',(#3738));
#3738 = ORIENTED_EDGE('',*,*,#3605,.F.);
#3739 = FACE_BOUND('',#3740,.F.);
#3740 = EDGE_LOOP('',(#3741));
#3741 = ORIENTED_EDGE('',*,*,#3655,.F.);
#3742 = FACE_BOUND('',#3743,.F.);
#3743 = EDGE_LOOP('',(#3744));
#3744 = ORIENTED_EDGE('',*,*,#3688,.F.);
#3745 = PLANE('',#3746);
#3746 = AXIS2_PLACEMENT_3D('',#3747,#3748,#3749);
#3747 = CARTESIAN_POINT('',(15.277159420209,15.107387784262,
    -26.12448280877));
#3748 = DIRECTION('',(1.752660682543E-02,6.790833489229E-03,
    -0.999823335712));
#3749 = DIRECTION('',(-0.999846395458,5.951539141349E-05,
    -1.752660682543E-02));
#3750 = ( GEOMETRIC_REPRESENTATION_CONTEXT(3) 
GLOBAL_UNCERTAINTY_ASSIGNED_CONTEXT((#3754)) 
GLOBAL_UNIT_ASSIGNED_CONTEXT((#3751,#3752,#3753)) REPRESENTATION_CONTEXT
('Context #1','3D Context with UNIT and UNCERTAINTY') );
#3751 = ( LENGTH_UNIT() NAMED_UNIT(*) SI_UNIT(.MILLI.,.METRE.) );
#3752 = ( NAMED_UNIT(*) PLANE_ANGLE_UNIT() SI_UNIT($,.RADIAN.) );
#3753 = ( NAMED_UNIT(*) SI_UNIT($,.STERADIAN.) SOLID_ANGLE_UNIT() );
#3754 = UNCERTAINTY_MEASURE_WITH_UNIT(LENGTH_MEASURE(2.E-05),#3751,
  'distance_accuracy_value','confusion accuracy');
#3755 = PRODUCT_RELATED_PRODUCT_CATEGORY('part',$,(#7));
#3756 = MECHANICAL_DESIGN_GEOMETRIC_PRESENTATION_REPRESENTATION('',(
    #3757),#3750);
#3757 = STYLED_ITEM('color',(#3758),#15);
#3758 = PRESENTATION_STYLE_ASSIGNMENT((#3759,#3765));
#3759 = SURFACE_STYLE_USAGE(.BOTH.,#3760);
#3760 = SURFACE_SIDE_STYLE('',(#3761));
#3761 = SURFACE_STYLE_FILL_AREA(#3762);
#3762 = FILL_AREA_STYLE('',(#3763));
#3763 = FILL_AREA_STYLE_COLOUR('',#3764);
#3764 = COLOUR_RGB('',0.447059003357,0.474510015008,0.501960993452);
#3765 = CURVE_STYLE('',#3766,POSITIVE_LENGTH_MEASURE(0.1),#3767);
#3766 = DRAUGHTING_PRE_DEFINED_CURVE_FONT('continuous');
#3767 = COLOUR_RGB('',9.803921802644E-02,9.803921802644E-02,
  9.803921802644E-02);
ENDSEC;
END-ISO-10303-21;
